-- Adminer 4.8.1 MySQL 8.0.36-0ubuntu0.22.04.1 dump

SET NAMES utf8;
SET time_zone = '+00:00';
SET foreign_key_checks = 0;
SET sql_mode = 'NO_AUTO_VALUE_ON_ZERO';

SET NAMES utf8mb4;

DROP TABLE IF EXISTS `Acao`;
CREATE TABLE `Acao` (
  `id_acao` int NOT NULL AUTO_INCREMENT,
  `nome_acao` varchar(255) NOT NULL,
  `preco_mais_baixo` double unsigned NOT NULL,
  `preco_mais_alto` double unsigned NOT NULL,
  `simbolo_acao` varchar(20) NOT NULL,
  `nome_empresa` varchar(150) NOT NULL,
  `data_acao` datetime(6) NOT NULL,
  PRIMARY KEY (`id_acao`)
) ENGINE=InnoDB DEFAULT CHARSET=utf8mb4 COLLATE=utf8mb4_0900_ai_ci;

INSERT INTO `Acao` (`id_acao`, `nome_acao`, `preco_mais_baixo`, `preco_mais_alto`, `simbolo_acao`, `nome_empresa`, `data_acao`) VALUES
(1,	'ABC BRASIL PN N2',	20.46,	21,	'ABCB4',	'Banco ABC Brasil S.A.',	'2023-11-11 13:45:38.638019'),
(2,	'BRASILAGRO ON ED NM',	24.05,	24.5,	'AGRO3',	'BrasilAgro - Companhia Brasileira de Propriedades Agrícolas',	'2023-11-11 13:45:38.843187'),
(3,	'RUMO S.A. ON NM',	22.88,	23.55,	'RAIL3',	'Rumo S.A.',	'2023-11-11 13:45:39.070172'),
(4,	'ALPARGATAS ON N1',	9.27,	9.59,	'ALPA3',	'Alpargatas S.A.',	'2023-11-11 13:45:39.289338'),
(5,	'ALPARGATAS PN N1',	9,	9.35,	'ALPA4',	'Alpargatas S.A.',	'2023-11-11 13:45:39.756670'),
(6,	'LOJAS MARISAON EG NM',	3.02,	3.14,	'AMAR3',	'Marisa Lojas S.A.',	'2023-11-11 13:45:40.217760'),
(7,	'AMBEV S/A ON',	13.35,	13.49,	'ABEV3',	'Ambev S.A.',	'2023-11-11 13:45:40.502283'),
(8,	'ADVANCED,DH ON',	0,	0,	'ADHM3',	'Advanced Digital Health Medicina Preventiva S.A.',	'2023-11-11 13:45:40.791344'),
(9,	'AREZZO CO ON NM',	57.84,	59.82,	'ARZZ3',	'Arezzo Indústria e Comércio S.A.',	'2023-11-11 13:45:41.135823'),
(10,	'BRASIL ON NM',	49.46,	50.39,	'BBAS3',	'Banco do Brasil S.A.',	'2023-11-11 13:45:41.408524'),
(11,	'BRADESCO ON N1',	13,	13.38,	'BBDC3',	'Banco Bradesco S.A.',	'2023-11-11 13:45:41.697223'),
(12,	'BRADESCO PN N1',	14.69,	15.12,	'BBDC4',	'Banco Bradesco S.A.',	'2023-11-11 13:45:41.973963'),
(13,	'MINERVA ON NM',	6.82,	7.12,	'BEEF3',	'Minerva S.A.',	'2023-11-11 13:45:42.521729'),
(14,	'BR PHARMA ON NM',	0.62,	0.62,	'BPHA3',	'Brasil Pharma S.A.',	'2023-11-11 13:45:42.799420'),
(15,	'BANCO PAN PN N1',	8.21,	8.54,	'BPAN4',	'Banco Pan S.A.',	'2023-11-11 13:45:43.085518'),
(16,	'BRADESPAR ON N1',	22.46,	22.79,	'BRAP3',	'Bradespar S.A.',	'2023-11-11 13:45:43.371034'),
(17,	'BRADESPAR PN N1',	24.23,	24.72,	'BRAP4',	'Bradespar S.A.',	'2023-11-11 13:45:43.689013'),
(18,	'BRF SA ON NM',	11.68,	12.34,	'BRFS3',	'BRF S.A.',	'2023-11-11 13:45:44.016502'),
(19,	'ALPER S.A. ON NM',	41.25,	42.99,	'APER3',	'Alper Consultoria e Corretora de Seguros S.A.',	'2023-11-11 13:45:44.303686'),
(20,	'BRASKEM ON N1',	18.78,	19.9,	'BRKM3',	'Braskem S.A.',	'2023-11-11 13:45:44.620082'),
(21,	'BRASKEM PNA N1',	18.96,	20.08,	'BRKM5',	'Braskem S.A.',	'2023-11-11 13:45:44.920362'),
(22,	'BR PROPERT ON',	0,	0,	'BRPR3',	'BR Properties S.A.',	'2023-11-11 13:45:45.534449'),
(23,	'BANRISUL PNB N1',	11.36,	11.73,	'BRSR6',	'Banco do Estado do Rio Grande do Sul S.A.',	'2023-11-11 13:45:45.858239'),
(24,	'OI ON N1',	0.61,	0.64,	'OIBR3',	'Oi S.A.',	'2023-11-11 13:45:46.165313'),
(25,	'OI PN N1',	1.64,	1.69,	'OIBR4',	'Oi S.A.',	'2023-11-11 13:45:46.523083'),
(26,	'B3 ON NM',	12.34,	12.99,	'B3SA3',	'B3 S.A. - Brasil, Bolsa, Balcão',	'2023-11-11 13:45:47.328703'),
(27,	'CCR SA ON ED NM',	12.47,	12.73,	'CCRO3',	'CCR S.A.',	'2023-11-11 13:45:48.771081'),
(28,	'CEDRO PN N1',	17,	18,	'CEDO4',	'Companhia de Fiação e Tecidos Cedro e Cachoeira S.A.',	'2023-11-11 13:45:49.112519'),
(29,	'CEEE-D ON',	30,	30,	'CEED3',	'Companhia Estadual de Distribuição de Energia Elétrica',	'2023-11-11 13:45:49.605022'),
(30,	'COMGAS PNA',	127.88,	128,	'CGAS5',	'Companhia de Gás de São Paulo - COMGÁS',	'2023-11-11 13:45:50.150838'),
(31,	'GRAZZIOTIN PN',	26.5,	27.02,	'CGRA4',	'Grazziotin S.A.',	'2023-11-11 13:45:50.415171'),
(32,	'CIELO ON NM',	3.72,	3.89,	'CIEL3',	'Cielo S.A.',	'2023-11-11 13:45:50.633244'),
(33,	'CEMIG ON N1',	17.26,	17.7,	'CMIG3',	'Companhia Energética de Minas Gerais - CEMIG',	'2023-11-11 13:45:50.887167'),
(34,	'CEMIG PN N1',	12.71,	13,	'CMIG4',	'Companhia Energética de Minas Gerais - CEMIG',	'2023-11-11 13:45:51.124356'),
(35,	'COELCE PNA',	41.99,	42.6,	'COCE5',	'Companhia Energética do Ceará - COELCE',	'2023-11-11 13:45:51.405806'),
(36,	'CPFL ENERGIAON NM',	35.24,	36.18,	'CPFE3',	'CPFL Energia S.A.',	'2023-11-11 13:45:51.702544'),
(37,	'COPEL ON N2',	8.3,	8.5,	'CPLE3',	'Companhia Paranaense de Energia - COPEL',	'2023-11-11 13:45:51.991597'),
(38,	'COPEL PNB N2',	8.82,	9.02,	'CPLE6',	'Companhia Paranaense de Energia - COPEL',	'2023-11-11 13:45:52.280688'),
(39,	'COSAN ON NM',	17.46,	17.87,	'CSAN3',	'Cosan S.A.',	'2023-11-11 13:45:52.856523'),
(40,	'COPASA ON NM',	18.44,	18.82,	'CSMG3',	'Companhia de Saneamento de Minas Gerais',	'2023-11-11 13:45:53.150234'),
(41,	'SID NACIONALON',	12.54,	12.73,	'CSNA3',	'Companhia Siderúrgica Nacional',	'2023-11-11 13:45:53.419974'),
(42,	'COTEMINAS PN',	1.45,	1.5,	'CTNM4',	'Companhia de Tecidos Norte de Minas',	'2023-11-11 13:45:53.890485'),
(43,	'CYRELA REALTON NM',	19.7,	20.81,	'CYRE3',	'Cyrela Brazil Realty S.A. Empreendimentos e Participações',	'2023-11-11 13:45:54.118495'),
(44,	'DASA ON NM',	9.6,	10.27,	'DASA3',	'Diagnósticos da América S.A.',	'2023-11-11 13:45:54.398215'),
(45,	'DIRECIONAL ON NM',	18.92,	20.03,	'DIRR3',	'Direcional Engenharia S.A.',	'2023-11-11 13:45:54.704745'),
(46,	'ECORODOVIAS ON NM',	7.65,	8.08,	'ECOR3',	'EcoRodovias Infraestrutura e Logística S.A.',	'2023-11-11 13:45:55.297245'),
(47,	'ELETROBRAS ON N1',	37.1,	38.1,	'ELET3',	'Centrais Elétricas Brasileiras S.A. - Eletrobrás',	'2023-11-11 13:45:56.183120'),
(48,	'ELETROBRAS PNB N1',	41.17,	42,	'ELET6',	'Centrais Elétricas Brasileiras S.A. - Eletrobrás',	'2023-11-11 13:45:56.463950'),
(49,	'EMBRAER ON NM',	18.89,	19.4,	'EMBR3',	'Embraer S.A.',	'2023-11-11 13:45:56.736746'),
(50,	'ENERGISA PN N2',	7.76,	8.31,	'ENGI4',	'Energisa S.A.',	'2023-11-11 13:45:57.303421'),
(51,	'EQUATORIAL ON NM',	33.34,	33.86,	'EQTL3',	'Equatorial Energia S.A.',	'2023-11-11 13:45:57.597431'),
(52,	'YDUQS PART ON NM',	19.22,	20.21,	'YDUQ3',	'Yduqs Participações S.A.',	'2023-11-11 13:45:57.910162'),
(53,	'ETERNIT ON NM',	8.5,	8.94,	'ETER3',	'Eternit S.A.',	'2023-11-11 13:45:58.201107'),
(54,	'EUCATEX PN N1',	12.8,	13.1,	'EUCA4',	'Eucatex S.A. Indústria e Comércio',	'2023-11-11 13:45:58.506945'),
(55,	'EVEN ON NM',	6.99,	7.24,	'EVEN3',	'Even Construtora e Incorporadora S.A.',	'2023-11-11 13:45:58.801725'),
(56,	'EZTEC ON NM',	15.47,	16.75,	'EZTC3',	'EZTEC Empreendimentos e Participações S.A.',	'2023-11-11 13:45:59.072919'),
(57,	'FERBASA PN N1',	44.01,	47.75,	'FESA4',	'Cia de Ferro Ligas da Bahia S.A. - FERBASA',	'2023-11-11 13:45:59.402267'),
(58,	'FER HERINGERON NM',	7.56,	7.8,	'FHER3',	'Fertilizantes Heringer S.A.',	'2023-11-11 13:45:59.771125'),
(59,	'TAURUS ARMASPN N2',	14.02,	14.42,	'TASA4',	'Taurus Armas S.A.',	'2023-11-11 13:46:00.142284'),
(60,	'FLEURY ON NM',	16.57,	17.09,	'FLRY3',	'Fleury S.A.',	'2023-11-11 13:46:00.406794'),
(61,	'METALFRIO ON NM',	49.01,	50.5,	'FRIO3',	'Metalfrio Solutions S.A.',	'2023-11-11 13:46:00.762214'),
(62,	'GAFISA ON NM',	4.7,	5.4,	'GFSA3',	'Gafisa S.A.',	'2023-11-11 13:46:01.739254'),
(63,	'GERDAU ON N1',	20.64,	21.34,	'GGBR3',	'Gerdau S.A.',	'2023-11-11 13:46:02.054955'),
(64,	'GERDAU PN N1',	22.85,	23.83,	'GGBR4',	'Gerdau S.A.',	'2023-11-11 13:46:02.412333'),
(65,	'GERDAU MET ON N1',	11.15,	11.5,	'GOAU3',	'Metalurgica Gerdau S.A.',	'2023-11-11 13:46:02.701125'),
(66,	'GERDAU MET PN N1',	11.09,	11.5,	'GOAU4',	'Metalurgica Gerdau S.A.',	'2023-11-11 13:46:02.998208'),
(67,	'GOL PN N2',	8.4,	8.77,	'GOLL4',	'Gol Linhas Aéreas Inteligentes S.A.',	'2023-11-11 13:46:03.352149'),
(68,	'GRENDENE ON NM',	6.63,	6.92,	'GRND3',	'Grendene S.A.',	'2023-11-11 13:46:03.647695'),
(69,	'GENERALSHOPPON',	15.5,	15.5,	'GSHP3',	'General Shopping e Outlets do Brasil S.A.',	'2023-11-11 13:46:03.965869'),
(70,	'HELBOR ON NM',	2.68,	2.86,	'HBOR3',	'Helbor Empreendimentos S.A.',	'2023-11-11 13:46:04.288967'),
(71,	'PETRORIO ON NM',	45.03,	46.9,	'PRIO3',	'Prio S.A.',	'2023-11-11 13:46:04.994446'),
(72,	'HYPERA ON NM',	32.22,	32.76,	'HYPE3',	'Hypera S.A.',	'2023-11-11 13:46:05.402378'),
(73,	'IMC S/A ON NM',	1.69,	1.81,	'MEAL3',	'International Meal Company Alimentação S.A.',	'2023-11-11 13:46:06.551571'),
(74,	'INEPAR ON',	4.35,	4.55,	'INEP3',	'Inepar S.A. Indústria e Construções',	'2023-11-11 13:46:06.839659'),
(75,	'INEPAR PN',	3.1,	3.18,	'INEP4',	'Inepar S.A. Indústria e Construções',	'2023-11-11 13:46:07.161918'),
(76,	'ITAUSA ON N1',	9.44,	9.59,	'ITSA3',	'Itaúsa S.A.',	'2023-11-11 13:46:07.462850'),
(77,	'ITAUSA PN N1',	9.33,	9.51,	'ITSA4',	'Itaúsa S.A.',	'2023-11-11 13:46:07.748349'),
(78,	'ITAUUNIBANCOON EJ N1',	24.82,	25.22,	'ITUB3',	'Itaú Unibanco Holding S.A.',	'2023-11-11 13:46:08.032237'),
(79,	'ITAUUNIBANCOPN EJ N1',	29.27,	29.87,	'ITUB4',	'Itaú Unibanco Holding S.A.',	'2023-11-11 13:46:08.288119'),
(80,	'JBS ON NM',	21.12,	21.55,	'JBSS3',	'JBS S.A.',	'2023-11-11 13:46:08.532167'),
(81,	'JOAO FORTES ON',	2.03,	2.13,	'JFEN3',	'João Fortes Engenharia S.A.',	'2023-11-11 13:46:08.765986'),
(82,	'JHSF PART ON NM',	4.51,	4.68,	'JHSF3',	'JHSF Participações S.A.',	'2023-11-11 13:46:09.000462'),
(83,	'JSL ON NM',	8.77,	9.22,	'JSLG3',	'JSL S.A.',	'2023-11-11 13:46:09.238785'),
(84,	'KEPLER WEBERON NM',	10.73,	11.03,	'KEPL3',	'Kepler Weber S.A.',	'2023-11-11 13:46:09.523266'),
(85,	'KLABIN S/A PN EJ N2',	4.52,	4.59,	'KLBN4',	'Klabin S.A.',	'2023-11-11 13:46:09.791137'),
(86,	'METAL LEVE ON NM',	31.21,	32.56,	'LEVE3',	'MAHLE Metal Leve S.A.',	'2023-11-11 13:46:10.618486'),
(87,	'LIGHT S/A ON NM',	5.5,	6.06,	'LIGT3',	'Light S.A.',	'2023-11-11 13:46:10.937065'),
(88,	'LOG-IN ON NM',	42.63,	45.48,	'LOGN3',	'Log-In Logística Intermodal S.A.',	'2023-11-11 13:46:11.772940'),
(89,	'LOPES BRASILON NM',	1.98,	2.1,	'LPSB3',	'LPS Brasil - Consultoria de Imóveis S.A.',	'2023-11-11 13:46:12.074172'),
(90,	'LOJAS RENNERON NM',	12.71,	13.75,	'LREN3',	'Lojas Renner S.A.',	'2023-11-11 13:46:12.384838'),
(91,	'LUPATECH ON NM',	2.31,	2.37,	'LUPA3',	'Lupatech S.A.',	'2023-11-11 13:46:12.653288'),
(92,	'M.DIASBRANCOON NM',	33.89,	35.47,	'MDIA3',	'M. Dias Branco S.A. Indústria e Comércio de Alimentos',	'2023-11-11 13:46:12.965729'),
(93,	'MANGELS INDLPN',	16,	16,	'MGEL4',	'Mangels Industrial S.A.',	'2023-11-11 13:46:13.284134'),
(94,	'MAGAZ LUIZA ON NM',	1.73,	1.81,	'MGLU3',	'Magazine Luiza S.A.',	'2023-11-11 13:46:13.628172'),
(95,	'MILLS ON NM',	10.81,	11.27,	'MILS3',	'Mills Locação, Serviços e Logística S.A.',	'2023-11-11 13:46:14.083639'),
(96,	'ENEVA ON NM',	11.48,	11.84,	'ENEV3',	'Eneva S.A.',	'2023-11-11 13:46:14.700907'),
(97,	'MARFRIG ON NM',	7.51,	7.78,	'MRFG3',	'Marfrig Global Foods S.A.',	'2023-11-11 13:46:15.025202'),
(98,	'MRV ON NM',	9.55,	10.23,	'MRVE3',	'MRV Engenharia e Participações S.A.',	'2023-11-11 13:46:15.270833'),
(99,	'MULTIPLAN ON N2',	25.98,	26.43,	'MULT3',	'Multiplan Empreendimentos Imobiliários S.A.',	'2023-11-11 13:46:15.837426'),
(100,	'IOCHP-MAXIONON NM',	11.57,	12,	'MYPK3',	'Iochpe-Maxion S.A.',	'2023-11-11 13:46:16.148902'),
(101,	'ODONTOPREV ON NM',	11.76,	12.04,	'ODPV3',	'Odontoprev S.A.',	'2023-11-11 13:46:16.689944'),
(102,	'OSX BRASIL ON NM',	6.02,	6.18,	'OSXB3',	'OSX Brasil S.A.',	'2023-11-11 13:46:16.972750'),
(103,	'PDG REALT ON NM',	2.63,	2.7,	'PDGR3',	'PDG Realty S.A. Empreendimentos e Participações',	'2023-11-11 13:46:17.560482'),
(104,	'PETROBRAS ON N2',	37.19,	37.75,	'PETR3',	'Petróleo Brasileiro S.A. - Petrobras',	'2023-11-11 13:46:17.818357'),
(105,	'PETROBRAS PN N2',	34.51,	35.06,	'PETR4',	'Petróleo Brasileiro S.A. - Petrobras',	'2023-11-11 13:46:18.085724'),
(106,	'PROFARMA ON NM',	4.46,	4.88,	'PFRM3',	'Profarma Distribuidora de Produtos Farmacêuticos S.A.',	'2023-11-11 13:46:18.343352'),
(107,	'PINE PN N2',	3.89,	4.08,	'PINE4',	'Banco Pine S.A.',	'2023-11-11 13:46:18.622753'),
(108,	'PLASCAR PARTON',	6.65,	7.1,	'PLAS3',	'Plascar Participações Industriais S.A.',	'2023-11-11 13:46:18.987169'),
(109,	'PARANAPANEMAON NM',	4.19,	4.29,	'PMAM3',	'Paranapanema S.A.',	'2023-11-11 13:46:19.267850'),
(110,	'MARCOPOLO ON N2',	4.44,	4.61,	'POMO3',	'Marcopolo S.A.',	'2023-11-11 13:46:19.553476'),
(111,	'MARCOPOLO PN N2',	5.76,	5.95,	'POMO4',	'Marcopolo S.A.',	'2023-11-11 13:46:19.814925'),
(112,	'POSITIVO TECON NM',	6.93,	7.26,	'POSI3',	'Positivo Tecnologia S.A.',	'2023-11-11 13:46:20.126457'),
(113,	'PORTO SEGUROON NM',	26.83,	27.49,	'PSSA3',	'Porto Seguro S.A.',	'2023-11-11 13:46:20.401080'),
(114,	'PORTOBELLO ON NM',	5.29,	5.58,	'PTBL3',	'PBG S.A.',	'2023-11-11 13:46:20.648263'),
(115,	'PETTENATI PN',	8.86,	9.01,	'PTNT4',	'Pettenati S.A. Industria Têxtil',	'2023-11-11 13:46:20.958020'),
(116,	'ENAUTA PART ON NM',	15.6,	16.12,	'ENAT3',	'Enauta Participações S.A.',	'2023-11-11 13:46:21.403555'),
(117,	'QUALICORP ON NM',	3.01,	3.28,	'QUAL3',	'Qualicorp Consultoria e Corretora de Seguros S.A.',	'2023-11-11 13:46:21.756406'),
(118,	'RANDON PART ON N1',	9.36,	9.88,	'RAPT3',	'Randon S.A. Implementos e Participações',	'2023-11-11 13:46:22.004885'),
(119,	'RANDON PART PN N1',	11.15,	11.7,	'RAPT4',	'Randon S.A. Implementos e Participações',	'2023-11-11 13:46:22.262398'),
(120,	'RNI ON NM',	4.48,	4.78,	'RDNI3',	'RNI Negócios Imobiliários S.A.',	'2023-11-11 13:46:22.498063'),
(121,	'LOCALIZA ON NM',	55.36,	57.09,	'RENT3',	'Localiza Rent a Car S.A.',	'2023-11-11 13:46:22.726821'),
(122,	'POMIFRUTAS ON NM',	2.12,	2.21,	'FRTA3',	'Pomifrutas S/A',	'2023-11-11 13:46:22.977827'),
(123,	'ROMI ON NM',	12.3,	12.51,	'ROMI3',	'Romi S.A.',	'2023-11-11 13:46:23.220927'),
(124,	'ROSSI RESID ON NM',	3.91,	4.63,	'RSID3',	'Rossi Residencial S.A.',	'2023-11-11 13:46:23.479877'),
(125,	'SABESP ON NM',	60.5,	61.65,	'SBSP3',	'Companhia de Saneamento Básico do Estado de São Paulo - SABESP',	'2023-11-11 13:46:23.746394'),
(126,	'SAO CARLOS ON NM',	22.02,	22.89,	'SCAR3',	'São Carlos Empreendimentos e Participações S.A.',	'2023-11-11 13:46:23.996055'),
(127,	'SPRINGS ON NM',	1.24,	1.35,	'SGPS3',	'Springs Global Participações S.A.',	'2023-11-11 13:46:24.237142'),
(128,	'TIME FOR FUNON NM',	2.4,	2.57,	'SHOW3',	'T4F Entretenimento S.A.',	'2023-11-11 13:46:24.483842'),
(129,	'SLC AGRICOLAON NM',	37.18,	38.54,	'SLCE3',	'SLC Agrícola S.A.',	'2023-11-11 13:46:24.786663'),
(130,	'SARAIVA LIVRPN N2',	1.6,	1.6,	'SLED4',	'Saraiva Livreiros S.A. - em Recuperação Judicial',	'2023-11-11 13:46:25.043900'),
(131,	'SAO MARTINHOON NM',	33.27,	34.65,	'SMTO3',	'São Martinho S.A.',	'2023-11-11 13:46:25.270755'),
(132,	'ENGIE BRASILON NM',	41.01,	41.79,	'EGIE3',	'Engie Brasil Energia S.A.',	'2023-11-11 13:46:25.494526'),
(133,	'TECNISA ON NM',	2.56,	2.84,	'TCSA3',	'Tecnisa S.A.',	'2023-11-11 13:46:25.720675'),
(134,	'TECHNOS ON NM',	3.4,	3.47,	'TECN3',	'Technos S.A.',	'2023-11-11 13:46:25.969882'),
(135,	'TEKA PN',	10.76,	11.55,	'TEKA4',	'Teka Tecelagem Kuehnrich S.A.',	'2023-11-11 13:46:26.217534'),
(136,	'TEGMA ON NM',	24.55,	24.92,	'TGMA3',	'Tegma Gestão Logística S.A.',	'2023-11-11 13:46:26.489781'),
(137,	'TOTVS ON NM',	30.5,	31.94,	'TOTS3',	'TOTVS S.A.',	'2023-11-11 13:46:26.933922'),
(138,	'TRIUNFO PARTON NM',	3.99,	4.14,	'TPIS3',	'Triunfo Participações e Investimentos S.A.',	'2023-11-11 13:46:27.236810'),
(139,	'TRISUL ON NM',	4.89,	5.15,	'TRIS3',	'Trisul S.A.',	'2023-11-11 13:46:27.520624'),
(140,	'TRAN PAULISTPN N1',	24.12,	24.63,	'TRPL4',	'CTEEP - Companhia de Transmissão de Energia Elétrica Paulista S.A.',	'2023-11-11 13:46:27.794888'),
(141,	'ULTRAPAR ON NM',	22.97,	23.88,	'UGPA3',	'Ultrapar Participações S.A.',	'2023-11-11 13:46:28.346884'),
(142,	'UNIPAR ON',	65.5,	67,	'UNIP3',	'Unipar Carbocloro S.A.',	'2023-11-11 13:46:28.609217'),
(143,	'UNIPAR PNB',	72.57,	74.46,	'UNIP6',	'Unipar Carbocloro S.A.',	'2023-11-11 13:46:28.869049'),
(144,	'USIMINAS ON N1',	6.6,	6.8,	'USIM3',	'Usinas Siderúrgicas de Minas Gerais S.A.',	'2023-11-11 13:46:29.131264'),
(145,	'USIMINAS PNA N1',	6.69,	6.82,	'USIM5',	'Usinas Siderúrgicas de Minas Gerais S.A.',	'2023-11-11 13:46:29.413736'),
(146,	'VALE ON NM',	70.9,	71.73,	'VALE3',	'Vale S.A.',	'2023-11-11 13:46:30.132602'),
(147,	'VIVER ON NM',	3.35,	3.54,	'VIVR3',	'Viver Incorporadora e Construtora S.A.',	'2023-11-11 13:46:30.493651'),
(148,	'TELEF BRASILON EJ',	49.18,	50.3,	'VIVT3',	'Telefônica Brasil S.A.',	'2023-11-11 13:46:30.818829'),
(149,	'VALID ON EJ NM',	16.59,	18.31,	'VLID3',	'Valid Soluções S.A.',	'2023-11-11 13:46:31.378434'),
(150,	'WEG ON NM',	32.45,	33.41,	'WEGE3',	'WEG S.A.',	'2023-11-11 13:46:31.595496'),
(151,	'BANRISUL PNA N1',	18.97,	18.97,	'BRSR5',	'Banco do Estado do Rio Grande do Sul S.A.',	'2023-11-11 13:46:31.897275'),
(152,	'SANTANDER BRPN',	15.21,	15.83,	'SANB4',	'Banco Santander (Brasil) S.A.',	'2023-11-11 13:46:32.706105'),
(153,	'SANTOS BRP ON EDJ NM',	7.91,	8.19,	'STBP3',	'Santos Brasil Participações S.A.',	'2023-11-11 13:46:32.963642'),
(154,	'GRAZZIOTIN ON',	25.17,	25.63,	'CGRA3',	'Grazziotin S.A.',	'2023-11-11 13:46:33.678285'),
(155,	'CELESC PN N2',	61.4,	62.75,	'CLSC4',	'Centrais Elétricas de Santa Catarina S.A.',	'2023-11-11 13:46:33.961502'),
(156,	'COELCE ON',	50.01,	50.01,	'COCE3',	'Companhia Energética do Ceará - COELCE',	'2023-11-11 13:46:34.223086'),
(157,	'TAURUS ARMASON N2',	14.14,	14.44,	'TASA3',	'Taurus Armas S.A.',	'2023-11-11 13:46:34.509602'),
(158,	'COGNA ON ON NM',	2.73,	2.9,	'COGN3',	'Cogna Educação S.A.',	'2023-11-11 13:46:34.807944'),
(159,	'RAIADROGASILON NM',	25.6,	26.97,	'RADL3',	'Raia Drogasil S.A.',	'2023-11-11 13:46:35.519637'),
(160,	'UNICASA ON NM',	2.55,	2.65,	'UCAS3',	'Unicasa Indústria de Móveis S.A.',	'2023-11-11 13:46:35.833188'),
(161,	'ANIMA ON NM',	3.31,	3.51,	'ANIM3',	'Ânima Holding S.A.',	'2023-11-11 13:46:36.112063'),
(162,	'BBSEGURIDADEON NM',	31.1,	31.56,	'BBSE3',	'BB Seguridade Participações S.A.',	'2023-11-11 13:46:36.374727'),
(163,	'CVC BRASIL ON NM',	3.02,	3.13,	'CVCB3',	'CVC Brasil Operadora e Agência de Viagens S.A.',	'2023-11-11 13:46:37.096889'),
(164,	'SER EDUCA ON NM',	5.96,	6.54,	'SEER3',	'Ser Educacional S.A.',	'2023-11-11 13:46:37.534758'),
(165,	'TUPY ON EJ NM',	25.48,	25.85,	'TUPY3',	'Tupy S.A.',	'2023-11-11 13:46:38.004077'),
(166,	'SINQIA ON NM',	27.37,	27.37,	'SQIA3',	'Sinqia S.A.',	'2023-11-11 13:46:38.213960'),
(167,	'BIOMM ON MA',	5.07,	6.1,	'BIOM3',	'Biomm S.A.',	'2023-11-11 13:46:38.478355'),
(168,	'NUTRIPLANT ON MA',	3.89,	4.09,	'NUTR3',	'Nutriplant Indústria e Comércio S/A',	'2023-11-11 13:46:38.738877'),
(169,	'AMAZONIA ON',	83.78,	85,	'BAZA3',	'Banco da Amazônia S.A.',	'2023-11-11 13:46:39.011017'),
(170,	'SANTANDER BRON',	13.72,	14.2,	'SANB3',	'Banco Santander (Brasil) S.A.',	'2023-11-11 13:46:39.594480'),
(171,	'FRAS-LE ON N1',	15.87,	16.29,	'FRAS3',	'Fras-le S.A.',	'2023-11-11 13:46:40.120320'),
(172,	'GER PARANAP PN',	26.39,	26.65,	'GEPA4',	'Rio Paranapanema Energia S.A.',	'2023-11-11 13:46:40.421074'),
(173,	'OUROFINO S/AON NM',	20.68,	20.8,	'OFSA3',	'Ouro Fino Saúde Animal Participações S.A.',	'2023-11-11 13:46:40.742889'),
(174,	'GUARARAPES ON NM',	5.08,	5.38,	'GUAR3',	'Guararapes Confecções S.A.',	'2023-11-11 13:46:41.849090'),
(175,	'IGB S/A ON',	0,	0,	'IGBR3',	'IGB Eletronica S.A.',	'2023-11-11 13:46:42.104897'),
(176,	'TELEBRAS PN',	11.6,	12.18,	'TELB4',	'Telecomunicações Brasileiras S.A. - Telebras',	'2023-11-11 13:46:42.386200'),
(177,	'WHIRLPOOL ON',	4.13,	4.19,	'WHRL3',	'Whirlpool S.A.',	'2023-11-11 13:46:42.661929'),
(178,	'SCHULZ PN',	7.02,	7.31,	'SHUL4',	'Schulz S.A.',	'2023-11-11 13:46:42.915053'),
(179,	'ATOMPAR ON',	2.07,	2.16,	'ATOM3',	'Atom Empreendimentos e Participações S.A.',	'2023-11-11 13:46:43.162860'),
(180,	'SANEPAR PN N2',	4.8,	4.95,	'SAPR4',	'Companhia de Saneamento do Paraná - SANEPAR',	'2023-11-11 13:46:43.473921'),
(181,	'ALFA FINANC PN',	5.74,	5.74,	'CRIV4',	'Financeira Alfa S.A. - Crédito, Financiamento e Investimentos',	'2023-11-11 13:46:43.816425'),
(182,	'PET MANGUINHON',	2.15,	2.24,	'RPMG3',	'Refinaria de Petróleos de Manguinhos S.A.',	'2023-11-11 13:46:44.149439'),
(183,	'BANRISUL ON N1',	11.7,	12.3,	'BRSR3',	'Banco do Estado do Rio Grande do Sul S.A.',	'2023-11-11 13:46:44.388688'),
(184,	'SANSUY PNA',	3.83,	3.95,	'SNSY5',	'Sansuy S.A.',	'2023-11-11 13:46:44.665480'),
(185,	'AZEVEDO PN',	1.92,	2.02,	'AZEV4',	'Azevedo & Travassos S.A.',	'2023-11-11 13:46:45.253943'),
(186,	'BAHEMA ON MA',	9.56,	9.77,	'BAHI3',	'Bahema Educação S.A.',	'2023-11-11 13:46:45.573814'),
(187,	'BAUMER PN',	10,	10,	'BALM4',	'Baumer S.A.',	'2023-11-11 13:46:45.902321'),
(188,	'EXCELSIOR PN',	71.89,	71.89,	'BAUH4',	'Excelsior Alimentos S.A.',	'2023-11-11 13:46:46.176439'),
(189,	'BARDELLA PN',	10.5,	10.5,	'BDLL4',	'Bardella S.A. Indústrias Mecânicas',	'2023-11-11 13:46:46.433483'),
(190,	'BANESTES ON EJ',	8.44,	8.52,	'BEES3',	'Banestes S.A - Banco do Estado do Espírito Santo',	'2023-11-11 13:46:46.648679'),
(191,	'BANESTES PN EJ',	9.25,	9.43,	'BEES4',	'Banestes S.A - Banco do Estado do Espírito Santo',	'2023-11-11 13:46:46.895020'),
(192,	'BANESE PN',	21.3,	22,	'BGIP4',	'Banco do Estado de Sergipe S.A.',	'2023-11-11 13:46:47.150534'),
(193,	'MERCANTIL ON N1',	15.4,	15.4,	'BMEB3',	'Banco Mercantil do Brasil S.A.',	'2023-11-11 13:46:47.402601'),
(194,	'MERCANTIL PN N1',	13.36,	13.5,	'BMEB4',	'Banco Mercantil do Brasil S.A.',	'2023-11-11 13:46:47.660169'),
(195,	'MERC INVEST ON',	23.88,	23.88,	'BMIN3',	'Banco Mercantil de Investimentos S.A.',	'2023-11-11 13:46:47.889929'),
(196,	'MERC INVEST PN',	15.9,	15.9,	'BMIN4',	'Banco Mercantil de Investimentos S.A.',	'2023-11-11 13:46:48.157616'),
(197,	'BIC MONARK ON',	302.1,	315,	'BMKS3',	'Bicicletas Monark S.A.',	'2023-11-11 13:46:48.365408'),
(198,	'NORD BRASIL ON',	93.44,	93.45,	'BNBR3',	'Banco do Nordeste do Brasil S.A.',	'2023-11-11 13:46:48.575630'),
(199,	'BOMBRIL PN',	1.74,	1.88,	'BOBR4',	'Bombril S.A.',	'2023-11-11 13:46:48.789158'),
(200,	'ALFA INVEST ON',	10.55,	10.55,	'BRIV3',	'Banco Alfa de Investimento S.A.',	'2023-11-11 13:46:49.029521'),
(201,	'ALFA INVEST PN',	10.5,	10.51,	'BRIV4',	'Banco Alfa de Investimento S.A.',	'2023-11-11 13:46:49.234868'),
(202,	'BRB BANCO PN',	11.55,	11.55,	'BSLI4',	'BRB - Banco de Brasília S.A.',	'2023-11-11 13:46:49.449291'),
(203,	'AMPLA ENERG ON',	15,	15,	'CBEE3',	'Ampla Energia e Serviços S.A.',	'2023-11-11 13:46:49.967545'),
(204,	'COELBA ON',	37.09,	37.94,	'CEEB3',	'Companhia de Eletricidade do Estado da Bahia - COELBA',	'2023-11-11 13:46:50.266938'),
(205,	'COELBA PNA',	42.06,	42.06,	'CEEB5',	'Companhia de Eletricidade do Estado da Bahia - COELBA',	'2023-11-11 13:46:50.484045'),
(206,	'COMGAS ON',	119.01,	119.01,	'CGAS3',	'Companhia de Gás de São Paulo - COMGÁS',	'2023-11-11 13:46:51.321265'),
(207,	'ALFA FINANC ON',	5.73,	5.73,	'CRIV3',	'Financeira Alfa S.A. - Crédito, Financiamento e Investimentos',	'2023-11-11 13:46:51.541926'),
(208,	'CRISTAL PNA',	39.45,	40.4,	'CRPG5',	'Tronox Pigmentos do Brasil S.A.',	'2023-11-11 13:46:51.745647'),
(209,	'CRISTAL PNB',	37.5,	39.5,	'CRPG6',	'Tronox Pigmentos do Brasil S.A.',	'2023-11-11 13:46:51.954904'),
(210,	'COSERN ON',	24.26,	25.5,	'CSRN3',	'Companhia Energética do Rio Grande do Norte - COSERN',	'2023-11-11 13:46:52.202272'),
(211,	'KARSTEN PN',	15.11,	15.11,	'CTKA4',	'Karsten S.A.',	'2023-11-11 13:46:52.476447'),
(212,	'COTEMINAS ON',	8.78,	8.78,	'CTNM3',	'Companhia de Tecidos Norte de Minas',	'2023-11-11 13:46:52.739768'),
(213,	'SANTANENSE ON',	2.1,	2.22,	'CTSA3',	'Companhia Tecidos Santanense Ltda.',	'2023-11-11 13:46:52.999232'),
(214,	'SANTANENSE PN',	1.57,	1.61,	'CTSA4',	'Companhia Tecidos Santanense Ltda.',	'2023-11-11 13:46:53.276570'),
(215,	'DOHLER PN',	5.65,	5.66,	'DOHL4',	'Döhler S.A.',	'2023-11-11 13:46:53.569305'),
(216,	'DTCOM-DIRECTON',	5.06,	5.06,	'DTCY3',	'DTCOM - Direct to Company S.A.',	'2023-11-11 13:46:53.805284'),
(217,	'ACO ALTONA PN',	8,	8.38,	'EALT4',	'Electro Aço Altona S.A.',	'2023-11-11 13:46:54.083229'),
(218,	'ELEKTRO PN',	38,	38.3,	'EKTR4',	'Elektro Redes S.A.',	'2023-11-11 13:46:54.361317'),
(219,	'EMAE PN',	59.15,	60.98,	'EMAE4',	'Empresa Metropolitana de Águas e Energia S.A.',	'2023-11-11 13:46:54.909444'),
(220,	'ENERGISA ON N2',	16.93,	17.63,	'ENGI3',	'Energisa S.A.',	'2023-11-11 13:46:55.188970'),
(221,	'ENERGISA MT ON',	55.5,	59.93,	'ENMT3',	'Energisa Mato Grosso - Distribuidora de Energia S/A',	'2023-11-11 13:46:55.545591'),
(222,	'ESTRELA PN',	6,	6,	'ESTR4',	'Manufatura de Brinquedos Estrela S.A.',	'2023-11-11 13:46:55.852372'),
(223,	'FERBASA ON N1',	64,	64,	'FESA3',	'Cia de Ferro Ligas da Bahia S.A. - FERBASA',	'2023-11-11 13:46:56.107366'),
(224,	'HAGA S/A PN',	1.16,	1.22,	'HAGA4',	'HAGA S/A Indústria e Comércio',	'2023-11-11 13:46:57.076989'),
(225,	'HABITASUL PNA',	52,	52,	'HBTS5',	'Companhia Habitasul de Participações',	'2023-11-11 13:46:57.743324'),
(226,	'HERCULES PN',	6.35,	6.35,	'HETA4',	'Hercules S.A - Fábrica de Talheres',	'2023-11-11 13:46:58.293943'),
(227,	'HOTEIS OTHONPN',	2.72,	2.8,	'HOOT4',	'Hotéis Othon S.A.',	'2023-11-11 13:46:58.641904'),
(228,	'JOSAPAR ON',	21,	21,	'JOPA3',	'JOSAPAR Joaquim Oliveira S.A. Participações',	'2023-11-11 13:47:00.021109'),
(229,	'JOSAPAR PN',	33.8,	33.8,	'JOPA4',	'JOSAPAR Joaquim Oliveira S.A. Participações',	'2023-11-11 13:47:00.321972'),
(230,	'KLABIN S/A ON EJ N2',	4.5,	4.58,	'KLBN3',	'Klabin S.A.',	'2023-11-11 13:47:00.671435'),
(231,	'MUNDIAL ON',	48.69,	48.7,	'MNDL3',	'Mundial S.A. - Produtos de Consumo',	'2023-11-11 13:47:01.267511'),
(232,	'MINUPAR ON',	17.5,	18.64,	'MNPR3',	'Minupar Participações S.A.',	'2023-11-11 13:47:01.585928'),
(233,	'METISA PN',	46.2,	47.01,	'MTSA4',	'METISA Metalúrgica Timboense S.A.',	'2023-11-11 13:47:01.906277'),
(234,	'WETZEL S/A PN',	8.03,	8.05,	'MWET4',	'Wetzel S.A.',	'2023-11-11 13:47:02.249307'),
(235,	'PAR AL BAHIAPN ED',	74,	74,	'PEAB4',	'Companhia de Participações Aliança da Bahia',	'2023-11-11 13:47:02.599946'),
(236,	'DIMED ON NM',	11.01,	11.68,	'PNVL3',	'Dimed S.A. Distribuidora de Medicamentos',	'2023-11-11 13:47:02.912773'),
(237,	'IRANI ON NM',	10.68,	10.95,	'RANI3',	'Irani Papel e Embalagem S.A.',	'2023-11-11 13:47:03.609624'),
(238,	'RECRUSUL ON',	1.63,	1.66,	'RCSL3',	'Recrusul S/A',	'2023-11-11 13:47:04.174877'),
(239,	'RECRUSUL PN',	0.97,	1.05,	'RCSL4',	'Recrusul S/A',	'2023-11-11 13:47:04.484783'),
(240,	'REDE ENERGIAON',	5.93,	6.2,	'REDE3',	'Rede Energia Participações S.A.',	'2023-11-11 13:47:04.834773'),
(241,	'ALFA HOLDINGPNA',	7.6,	7.6,	'RPAD5',	'Alfa Holdings S.A.',	'2023-11-11 13:47:05.183502'),
(242,	'ALFA HOLDINGPNB',	7.7,	7.7,	'RPAD6',	'Alfa Holdings S.A.',	'2023-11-11 13:47:05.642760'),
(243,	'WLM IND COM ON',	26,	26,	'WLMM3',	'WLM Participações e Comércio de Máquinas e Veículos S.A.',	'2023-11-11 13:47:06.009017'),
(244,	'WLM IND COM PN',	31.55,	34.69,	'WLMM4',	'WLM Participações e Comércio de Máquinas e Veículos S.A.',	'2023-11-11 13:47:06.401962'),
(245,	'SARAIVA LIVRON N2',	3.21,	3.21,	'SLED3',	'Saraiva Livreiros S.A. - em Recuperação Judicial',	'2023-11-11 13:47:06.803963'),
(246,	'SONDOTECNICAPNA',	55,	55,	'SOND5',	'Sondotécnica Engenharia de Solos S.A.',	'2023-11-11 13:47:07.136155'),
(247,	'SONDOTECNICAPNB',	54.2,	54.2,	'SOND6',	'Sondotécnica Engenharia de Solos S.A.',	'2023-11-11 13:47:07.471448'),
(248,	'TELEBRAS ON',	15.85,	15.85,	'TELB3',	'Telecomunicações Brasileiras S.A. - Telebras',	'2023-11-11 13:47:08.442597'),
(249,	'TRAN PAULISTON N1',	31.91,	32.59,	'TRPL3',	'CTEEP - Companhia de Transmissão de Energia Elétrica Paulista S.A.',	'2023-11-11 13:47:09.092230'),
(250,	'UNIPAR PNA',	77.01,	77.04,	'UNIP5',	'Unipar Carbocloro S.A.',	'2023-11-11 13:47:09.419683'),
(251,	'USIMINAS PNB N1',	16.31,	16.31,	'USIM6',	'Usinas Siderúrgicas de Minas Gerais S.A.',	'2023-11-11 13:47:09.727280'),
(252,	'VULCABRAS ON NM',	20.66,	21.12,	'VULC3',	'Vulcabras S.A.',	'2023-11-11 13:47:10.014552'),
(253,	'WHIRLPOOL PN',	4.07,	4.17,	'WHRL4',	'Whirlpool S.A.',	'2023-11-11 13:47:10.889855'),
(254,	'ALLIAR ON NM',	10.2,	10.4,	'AALR3',	'Centro de Imagem Diagnósticos S.A.',	'2023-11-11 13:47:11.199730'),
(255,	'AFLUENTE T ON',	7.53,	7.53,	'AFLT3',	'Afluente Transmissão de Energia Elétrica S.A.',	'2023-11-11 13:47:11.491328'),
(256,	'BANESE ON',	25.94,	25.94,	'BGIP3',	'Banco do Estado de Sergipe S.A.',	'2023-11-11 13:47:11.770860'),
(257,	'CEB ON',	14.9,	15.5,	'CEBR3',	'Companhia Energética de Brasília - CEB',	'2023-11-11 13:47:12.022625'),
(258,	'CEDRO ON N1',	18,	18,	'CEDO3',	'Companhia de Fiação e Tecidos Cedro e Cachoeira S.A.',	'2023-11-11 13:47:12.268517'),
(259,	'CELGPAR ON',	50,	50,	'GPAR3',	'Companhia CELG de Participações S/A',	'2023-11-11 13:47:12.595625'),
(260,	'CEMEPE ON',	30.05,	30.05,	'MAPT3',	'Cemepe Investimentos S.A.',	'2023-11-11 13:47:12.922114'),
(261,	'PANATLANTICAPN',	33,	33,	'PATI4',	'Panatlântica S.A.',	'2023-11-11 13:47:13.191755'),
(262,	'ALFA HOLDINGON',	7.79,	7.79,	'RPAD3',	'Alfa Holdings S.A.',	'2023-11-11 13:47:13.451906'),
(263,	'MOVIDA ON NM',	10.15,	10.87,	'MOVI3',	'Movida Participações S.A.',	'2023-11-11 13:47:14.051982'),
(264,	'RENOVA ON N2',	1.12,	1.19,	'RNEW3',	'Renova Energia S.A.',	'2023-11-11 13:47:14.618544'),
(265,	'RENOVA PN N2',	1.11,	1.16,	'RNEW4',	'Renova Energia S.A.',	'2023-11-11 13:47:14.998012'),
(266,	'AZUL PN N2',	14.55,	15.73,	'AZUL4',	'Azul S.A.',	'2023-11-11 13:47:15.277729'),
(267,	'TENDA ON NM',	13.12,	13.81,	'TEND3',	'Construtora Tenda S.A.',	'2023-11-11 13:47:15.578182'),
(268,	'CARREFOUR BRON NM',	10.37,	10.7,	'CRFB3',	'Atacadão S.A.',	'2023-11-11 13:47:15.962097'),
(269,	'IRBBRASIL REON NM',	41.81,	44.53,	'IRBR3',	'IRB-Brasil Resseguros S.A.',	'2023-11-11 13:47:16.606305'),
(270,	'GER PARANAP ON',	26.18,	26.18,	'GEPA3',	'Rio Paranapanema Energia S.A.',	'2023-11-11 13:47:16.883255'),
(271,	'SANEPAR ON N2',	4.66,	4.81,	'SAPR3',	'Companhia de Saneamento do Paraná - SANEPAR',	'2023-11-11 13:47:17.205828'),
(272,	'CAMIL ON NM',	7.23,	7.36,	'CAML3',	'Camil Alimentos S.A.',	'2023-11-11 13:47:17.508097'),
(273,	'SUZANO S.A. ON NM',	53.41,	54.89,	'SUZB3',	'Suzano S.A.',	'2023-11-11 13:47:17.803147'),
(274,	'NEOENERGIA ON NM',	18.01,	18.59,	'NEOE3',	'Neoenergia S.A.',	'2023-11-11 13:47:18.334285'),
(275,	'TEX RENAUX PN',	3.47,	3.47,	'TXRX4',	'Têxtil Renauxview S.A.',	'2023-11-11 13:47:19.282788'),
(276,	'MELHOR SP ON',	46.25,	46.25,	'MSPA3',	'Companhia Melhoramentos de São Paulo',	'2023-11-11 13:47:19.538439'),
(277,	'HAPVIDA ON NM',	4.37,	4.52,	'HAPV3',	'Hapvida Participações e Investimentos S.A.',	'2023-11-11 13:47:19.838202'),
(278,	'TAESA PN N2',	11.88,	12.09,	'TAEE4',	'Transmissora Aliança de Energia Elétrica S.A.',	'2023-11-11 13:47:21.072503'),
(279,	'ALUPAR ON N2',	9.55,	9.74,	'ALUP3',	'Alupar Investimento S.A.',	'2023-11-11 13:47:21.392668'),
(280,	'ALUPAR PN N2',	9.57,	9.8,	'ALUP4',	'Alupar Investimento S.A.',	'2023-11-11 13:47:21.769091'),
(281,	'LOG COM PROPON NM',	23.48,	25,	'LOGG3',	'LOG Commercial Properties e Participações S.A.',	'2023-11-11 13:47:22.043027'),
(282,	'TAESA ON N2',	11.81,	12.05,	'TAEE3',	'Transmissora Aliança de Energia Elétrica S.A.',	'2023-11-11 13:47:22.365401'),
(283,	'AZEVEDO ON',	1.94,	2.03,	'AZEV3',	'Azevedo & Travassos S.A.',	'2023-11-11 13:47:22.701934'),
(284,	'SPTURIS ON',	16,	16,	'AHEB3',	'São Paulo Turismo S.A.',	'2023-11-11 13:47:23.020446'),
(285,	'BAUMER ON',	10.23,	10.23,	'BALM3',	'Baumer S.A.',	'2023-11-11 13:47:23.328344'),
(286,	'BTGP BANCO ON N2',	15.55,	16.35,	'BPAC3',	'Banco BTG Pactual S.A.',	'2023-11-11 13:47:23.651341'),
(287,	'ACO ALTONA ON',	7.95,	7.95,	'EALT3',	'Electro Aço Altona S.A.',	'2023-11-11 13:47:23.962751'),
(288,	'ENCORPAR ON',	0,	0,	'ECPR3',	'Empresa Nacional de Comércio, Rédito e Participações S.A. - Encorpar',	'2023-11-11 13:47:24.266749'),
(289,	'HAGA S/A ON',	2.65,	2.78,	'HAGA3',	'HAGA S/A Indústria e Comércio',	'2023-11-11 13:47:24.575536'),
(290,	'ELETROPAR ON',	70.12,	70.12,	'LIPR3',	'Eletrobrás Participações S.A. - Eletropar',	'2023-11-11 13:47:25.371483'),
(291,	'PANATLANTICAON',	29,	29,	'PATI3',	'Panatlântica S.A.',	'2023-11-11 13:47:25.707174'),
(292,	'PAR AL BAHIAON',	33.9,	33.9,	'PEAB3',	'Companhia de Participações Aliança da Bahia',	'2023-11-11 13:47:26.306254'),
(293,	'BTGP BANCO PNA N2',	8.4,	8.99,	'BPAC5',	'Banco BTG Pactual S.A.',	'2023-11-11 13:47:27.007725'),
(294,	'ALFA CONSORCPNB',	11.49,	11.49,	'BRGE6',	'Consórcio Alfa de Administração S.A.',	'2023-11-11 13:47:27.252979'),
(295,	'COR RIBEIRO PN',	82,	82,	'CORR4',	'Corrêa Ribeiro S.A. Comércio e Indústria',	'2023-11-11 13:47:28.107730'),
(296,	'ENERGISA MT PN',	64.96,	64.96,	'ENMT4',	'Energisa Mato Grosso - Distribuidora de Energia S/A',	'2023-11-11 13:47:28.761359'),
(297,	'TREVISA PN',	17.43,	17.43,	'LUXM4',	'Trevisa Investimentos S.A.',	'2023-11-11 13:47:29.101630'),
(298,	'MERC FINANC PN',	6.9,	6.9,	'MERC4',	'Creditaqui Financeira S.A. - Crédito, Financiamento e Investimento',	'2023-11-11 13:47:29.672556'),
(299,	'RIOSULENSE PN',	76,	79.11,	'RSUL4',	'Metalúrgica Riosulense S.A.',	'2023-11-11 13:47:29.936483'),
(300,	'BRADESCO ON N1',	13,	13.38,	'BBDC3',	'Banco Bradesco S.A.',	'2023-11-11 13:47:31.124544'),
(301,	'VAMOS ON NM',	8.97,	9.2,	'VAMO3',	'Vamos Locação de Caminhões, Máquinas e Equipamentos S.A.',	'2023-11-11 13:47:31.802283'),
(302,	'MONT ARANHA ON',	398.99,	398.99,	'MOAR3',	'Monteiro Aranha S.A.',	'2023-11-11 13:47:32.351154'),
(303,	'VIVARA S.A. ON NM',	26.87,	28.46,	'VIVA3',	'Vivara Participações S.A.',	'2023-11-11 13:47:33.515869'),
(304,	'CEA MODAS ON NM',	6.47,	7.42,	'CEAB3',	'C&A Modas S.A.',	'2023-11-11 13:47:33.768881'),
(305,	'BANCO BMG PN EJ N1',	2.44,	2.56,	'BMGB4',	'Banco BMG S.A.',	'2023-11-11 13:47:34.024056'),
(306,	'Boeing Company (The)',	194.21,	197.26,	'BA',	'The Boeing Company',	'2023-11-11 13:47:34.639338'),
(307,	'General Motors Company',	26.3,	27,	'GM',	'General Motors Company',	'2023-11-11 13:47:35.204622'),
(308,	'Chevron Corporation',	141.73,	143.44,	'CVX',	'Chevron Corporation',	'2023-11-11 13:47:35.890605'),
(309,	'Citigroup, Inc.',	41.47,	42.15,	'C',	'Citigroup Inc.',	'2023-11-11 13:47:36.453349'),
(310,	'Bank of America Corporation',	27.34,	27.77,	'BAC',	'Bank of America Corporation',	'2023-11-11 13:47:37.033502'),
(311,	'AT&T Inc.',	15.46,	15.74,	'T',	'AT&T Inc.',	'2023-11-11 13:47:37.594220'),
(312,	'Caterpillar, Inc.',	234.62,	240.15,	'CAT',	'CATCo Reinsurance Opps Ord',	'2023-11-11 13:47:38.203214'),
(313,	'Intel Corporation',	38.26,	38.99,	'INTC',	'Intel Corporation',	'2023-11-11 13:47:38.805133'),
(314,	'Microsoft Corporation',	361.07,	370.09,	'MSFT',	'Microsoft Corporation',	'2023-11-11 13:47:39.361497'),
(315,	'Alcoa Corporation',	24.28,	24.8899,	'AA',	'Alcoa Corporation',	'2023-11-11 13:47:40.020813'),
(316,	'Ford Motor Company',	9.67,	9.87,	'F',	'Ford Motor Company',	'2023-11-11 13:47:40.585441'),
(317,	'eBay Inc.',	39.355,	40,	'EBAY',	'eBay Inc.',	'2023-11-11 13:47:41.125626'),
(318,	'Dell Technologies Inc.',	72.41,	73.79,	'DELL',	'Dell Technologies Inc.',	'2023-11-11 13:47:41.850308'),
(319,	'Walt Disney Company (The)',	86.935,	90.16,	'DIS',	'The Walt Disney Company',	'2023-11-11 13:47:42.470118'),
(320,	'Dow Inc.',	48.51,	49.68,	'DOW',	'Dow Inc.',	'2023-11-11 13:47:43.012425'),
(321,	'Cisco Systems, Inc.',	51.93,	52.625,	'CSCO',	'Cisco Systems, Inc.',	'2023-11-11 13:47:43.526437'),
(322,	'Deere & Company',	369.02,	374.53,	'DE',	'Deere & Company',	'2023-11-11 13:47:44.133250'),
(323,	'FedEx Corporation',	240.75,	246.79,	'FDX',	'FedEx Corporation',	'2023-11-11 13:47:44.627619'),
(324,	'General Mills, Inc.',	65.05,	65.6,	'GIS',	'General Mills, Inc.',	'2023-11-11 13:47:45.183343'),
(325,	'Corning Incorporated',	26.94,	27.75,	'GLW',	'Corning Incorporated',	'2023-11-11 13:47:45.708436'),
(326,	'The Goodyear Tire & Rubber Comp',	12.33,	13.005,	'GT',	'The Goodyear Tire & Rubber Company',	'2023-11-11 13:47:46.262467'),
(327,	'Goldman Sachs Group, Inc. (The)',	321.65,	326.06,	'GS',	'The Goldman Sachs Group, Inc.',	'2023-11-11 13:47:46.770725'),
(328,	'JP Morgan Chase & Co.',	144.0765,	146.48,	'JPM',	'JPMorgan Chase & Co.',	'2023-11-11 13:47:47.356501'),
(329,	'Kimberly-Clark Corporation',	119.565,	121.117,	'KMB',	'Kimberly-Clark Corporation',	'2023-11-11 13:47:47.922498'),
(330,	'The Kraft Heinz Company',	32.75,	33.02,	'KHC',	'The Kraft Heinz Company',	'2023-11-11 13:47:48.421820'),
(331,	'Coca-Cola Company (The)',	56.055,	56.925,	'KO',	'The Coca-Cola Company',	'2023-11-11 13:47:49.021693'),
(332,	'McDonald\'s Corporation',	265.21,	268.125,	'MCD',	'McDonald\'s Corporation',	'2023-11-11 13:47:49.626733'),
(333,	'Eli Lilly and Company',	586,	598.86,	'LLY',	'Eli Lilly and Company',	'2023-11-11 13:47:50.205982'),
(334,	'Oracle Corporation',	111.14,	113.18,	'ORCL',	'Oracle Corporation',	'2023-11-11 13:47:50.687669'),
(335,	'Merck & Company, Inc.',	100.6,	103.36,	'MRK',	'Merck & Co., Inc.',	'2023-11-11 13:47:51.226189'),
(336,	'Motorola Solutions, Inc.',	305.735,	311.1174,	'MSI',	'Motorola Solutions, Inc.',	'2023-11-11 13:47:51.922985'),
(337,	'3M Company',	91.6622,	93.06,	'MMM',	'3M Company',	'2023-11-11 13:47:52.557583'),
(338,	'The ODP Corporation',	43.775,	44.76,	'ODP',	'The ODP Corporation',	'2023-11-11 13:47:53.046221'),
(339,	'PUMA SE',	56.688,	58.055,	'PMMAF',	'PUMA SE',	'2023-11-11 13:47:54.393418'),
(340,	'Vertex Pharmaceuticals Incorpor',	369.57,	375.88,	'VRTX',	'Vertex Pharmaceuticals Incorporated',	'2023-11-11 13:47:55.023272'),
(341,	'Monster Beverage Corporation',	54.3315,	55.375,	'MNST',	'Monster Beverage Corporation',	'2023-11-11 13:47:55.585528'),
(342,	'Teva Pharmaceutical Industries',	8.545,	8.85,	'TEVA',	'Teva Pharmaceutical Industries Limited',	'2023-11-11 13:47:56.111605'),
(343,	'Fifth Third Bancorp',	24.635,	25.11,	'FITB',	'Fifth Third Bancorp',	'2023-11-11 13:47:56.605925'),
(344,	'Cintas Corporation',	525.46,	534.07,	'CTAS',	'Cintas Corporation',	'2023-11-11 13:47:57.648740'),
(345,	'Autodesk, Inc.',	203.715,	211.05,	'ADSK',	'Autodesk, Inc.',	'2023-11-11 13:47:58.260226'),
(346,	'DISH Network Corporation',	3.32,	3.53,	'DISH',	'DISH Network Corporation',	'2023-11-11 13:47:58.766660'),
(347,	'Gilead Sciences, Inc.',	74.865,	76.03,	'GILD',	'Gilead Sciences, Inc.',	'2023-11-11 13:47:59.288124'),
(348,	'aTyr Pharma, Inc.',	1.1001,	1.17,	'LIFE',	'aTyr Pharma, Inc.',	'2023-11-11 13:47:59.722522'),
(349,	'Alphabet Inc.',	129.42,	132.8,	'GOOGL',	'Alphabet Inc.',	'2023-11-11 13:48:00.152686'),
(350,	'Liberty Global plc',	15.6,	16.05,	'LBTYA',	'Liberty Global plc',	'2023-11-11 13:48:01.044250'),
(351,	'Adobe Inc.',	576.005,	598.135,	'ADBE',	'Adobe Inc.',	'2023-11-11 13:48:02.008553'),
(352,	'BlackBerry Limited',	3.55,	3.67,	'BB',	'BlackBerry Limited',	'2023-11-11 13:48:02.445413'),
(353,	'QUALCOMM Incorporated',	120.97,	124.81,	'QCOM',	'QUALCOMM Incorporated',	'2023-11-11 13:48:02.937618'),
(354,	'Baidu, Inc.',	103.46,	105.97,	'BIDU',	'Baidu, Inc.',	'2023-11-11 13:48:04.045131'),
(355,	'Sohu.com Limited',	8.49,	8.86,	'SOHU',	'Sohu.com Limited',	'2023-11-11 13:48:04.654306'),
(356,	'Ribbon Communications Inc.',	1.97,	2.02,	'RBBN',	'Ribbon Communications Inc.',	'2023-11-11 13:48:05.520075'),
(357,	'Applied Materials, Inc.',	144.67,	150.99,	'AMAT',	'Applied Materials, Inc.',	'2023-11-11 13:48:06.072045'),
(358,	'Steel Dynamics, Inc.',	108.12,	109.89,	'STLD',	'Steel Dynamics, Inc.',	'2023-11-11 13:48:06.535455'),
(359,	'Cadence Design Systems, Inc.',	257.03,	262.46,	'CDNS',	'Cadence Design Systems, Inc.',	'2023-11-11 13:48:07.004593'),
(360,	'Microchip Technology Incorporat',	73.92,	77.7725,	'MCHP',	'Microchip Technology Incorporated',	'2023-11-11 13:48:07.919051'),
(361,	'Wynn Resorts, Limited',	81.65,	86.305,	'WYNN',	'Wynn Resorts, Limited',	'2023-11-11 13:48:08.380852'),
(362,	'Intuitive Surgical, Inc.',	269.49,	278.55,	'ISRG',	'Intuitive Surgical, Inc.',	'2023-11-11 13:48:08.937072'),
(363,	'Nasdaq, Inc.',	51.425,	52.245,	'NDAQ',	'Nasdaq, Inc.',	'2023-11-11 13:48:09.354541'),
(364,	'Ryanair Holdings plc',	104.68,	107.2,	'RYAAY',	'Ryanair Holdings plc',	'2023-11-11 13:48:09.812876'),
(365,	'APOLLO BANCORP INC',	36.75,	36.75,	'APLO',	'Apollo Bancorp, Inc.',	'2023-11-11 13:48:10.242542'),
(366,	'Infosys Limited',	16.375,	16.68,	'INFY',	'Infosys Limited',	'2023-11-11 13:48:10.695410'),
(367,	'JetBlue Airways Corporation',	3.76,	3.95,	'JBLU',	'JetBlue Airways Corporation',	'2023-11-11 13:48:11.139659'),
(368,	'Henry Schein, Inc.',	63.11,	64.34,	'HSIC',	'Henry Schein, Inc.',	'2023-11-11 13:48:12.004278'),
(369,	'Paychex, Inc.',	114.255,	115.83,	'PAYX',	'Paychex, Inc.',	'2023-11-11 13:48:12.634583'),
(370,	'VeriSign, Inc.',	203.905,	207.565,	'VRSN',	'VeriSign, Inc.',	'2023-11-11 13:48:13.130341'),
(371,	'Apple Inc.',	183.53,	186.565,	'AAPL',	'Apple Inc.',	'2023-11-11 13:48:13.640831'),
(372,	'Fastenal Company',	59.36,	60.05,	'FAST',	'Fastenal Company',	'2023-11-11 13:48:14.177585'),
(373,	'DENTSPLY SIRONA Inc.',	27.74,	28.525,	'XRAY',	'DENTSPLY SIRONA Inc.',	'2023-11-11 13:48:14.652448'),
(374,	'Crocs, Inc.',	78.11,	79.71,	'CROX',	'Crocs, Inc.',	'2023-11-11 13:48:15.168236'),
(375,	'Zions Bancorporation N.A.',	32.2,	33.15,	'ZION',	'Zions Bancorporation, National Association',	'2023-11-11 13:48:15.669747'),
(376,	'Northern Trust Corporation',	68.97,	70.71,	'NTRS',	'Northern Trust Corporation',	'2023-11-11 13:48:16.231018'),
(377,	'Lamar Advertising Company',	91.3,	92.97,	'LAMR',	'Lamar Advertising Company',	'2023-11-11 13:48:17.528827'),
(378,	'Patterson-UTI Energy, Inc.',	11.975,	12.31,	'PTEN',	'Patterson-UTI Energy, Inc.',	'2023-11-11 13:48:18.190060'),
(379,	'Atlanticus Holdings Corporation',	30.38,	31.18,	'ATLC',	'Atlanticus Holdings Corporation',	'2023-11-11 13:48:18.631463'),
(380,	'C.H. Robinson Worldwide, Inc.',	79.21,	80.73,	'CHRW',	'C.H. Robinson Worldwide, Inc.',	'2023-11-11 13:48:19.212327'),
(381,	'Sirius XM Holdings Inc.',	4.57,	4.74,	'SIRI',	'Sirius XM Holdings Inc.',	'2023-11-11 13:48:19.667693'),
(382,	'Alpine Immune Sciences, Inc.',	11.68,	12.4,	'ALPN',	'Alpine Immune Sciences, Inc.',	'2023-11-11 13:48:20.150409'),
(383,	'PACCAR Inc.',	86.42,	88.4,	'PCAR',	'PACCAR Inc',	'2023-11-11 13:48:20.604714'),
(384,	'Pan American Silver Corp.',	13.13,	13.6401,	'PAAS',	'Pan American Silver Corp.',	'2023-11-11 13:48:21.098437'),
(385,	'Amazon.com, Inc.',	139.91,	143.65,	'AMZN',	'Amazon.com, Inc.',	'2023-11-11 13:48:21.567480'),
(386,	'Ross Stores, Inc.',	121.46,	123.44,	'ROST',	'Ross Stores, Inc.',	'2023-11-11 13:48:22.088408'),
(387,	'Viavi Solutions Inc.',	7.63,	7.86,	'VIAV',	'Viavi Solutions Inc.',	'2023-11-11 13:48:22.572351'),
(388,	'NetEase, Inc.',	112.33,	114.23,	'NTES',	'NetEase, Inc.',	'2023-11-11 13:48:23.051531'),
(389,	'NetApp, Inc.',	75.74,	77.25,	'NTAP',	'NetApp, Inc.',	'2023-11-11 13:48:23.568510'),
(390,	'Garmin Ltd.',	115.525,	116.64,	'GRMN',	'Garmin Ltd.',	'2023-11-11 13:48:24.517685'),
(391,	'Costco Wholesale Corporation',	564.94,	577.885,	'COST',	'Costco Wholesale Corporation',	'2023-11-11 13:48:25.102589'),
(392,	'Check Point Software Technologi',	138.5,	142.24,	'CHKP',	'Check Point Software Technologies Ltd.',	'2023-11-11 13:48:25.557236'),
(393,	'Lam Research Corporation',	656.35,	687.84,	'LRCX',	'Lam Research Corporation',	'2023-11-11 13:48:26.088747'),
(394,	'Ciena Corporation',	42.84,	44.14,	'CIEN',	'Ciena Corporation',	'2023-11-11 13:48:26.564730'),
(395,	'IAC Inc.',	43.59,	45.6,	'IAC',	'IAC Inc.',	'2023-11-11 13:48:27.037358'),
(396,	'Intuit Inc.',	516.25,	530.075,	'INTU',	'Intuit Inc.',	'2023-11-11 13:48:27.587923'),
(397,	'Expedia Group, Inc.',	113.71,	119.06,	'EXPE',	'Expedia Group, Inc.',	'2023-11-11 13:48:28.118900'),
(398,	'Trip.com Group Limited',	33.29,	33.915,	'TCOM',	'Trip.com Group Limited',	'2023-11-11 13:48:28.608052'),
(399,	'UTStarcom Holdings Corp',	3.43,	3.54,	'UTSI',	'UTStarcom Holdings Corp.',	'2023-11-11 13:48:29.076941'),
(400,	'Cognizant Technology Solutions',	64.765,	66.05,	'CTSH',	'Cognizant Technology Solutions Corporation',	'2023-11-11 13:48:29.569420'),
(401,	'Rambus, Inc.',	59.605,	63.14,	'RMBS',	'Rambus Inc.',	'2023-11-11 13:48:30.049853'),
(402,	'Akamai Technologies, Inc.',	109.53,	110.97,	'AKAM',	'Akamai Technologies, Inc.',	'2023-11-11 13:48:31.676539'),
(403,	'KLA Corporation',	512.515,	536.14,	'KLAC',	'KLA Corporation',	'2023-11-11 13:48:32.314837'),
(404,	'Juniper Networks, Inc.',	26.6702,	27.155,	'JNPR',	'Juniper Networks, Inc.',	'2023-11-11 13:48:32.862093'),
(405,	'Flex Ltd.',	25.65,	26.18,	'FLEX',	'Flex Ltd.',	'2023-11-11 13:48:33.799814'),
(406,	'Amgen Inc.',	262.51,	267.94,	'AMGN',	'Amgen Inc.',	'2023-11-11 13:48:34.372679'),
(407,	'Expeditors International of Was',	113.08,	115.65,	'EXPD',	'Expeditors International of Washington, Inc.',	'2023-11-11 13:48:35.363989'),
(408,	'Electronic Arts Inc.',	131.36,	133.185,	'EA',	'Electronic Arts Inc.',	'2023-11-11 13:48:35.905504'),
(409,	'Patterson Companies, Inc.',	30.1,	30.6199,	'PDCO',	'Patterson Companies, Inc.',	'2023-11-11 13:48:36.417739'),
(410,	'T. Rowe Price Group, Inc.',	90.1,	93.79,	'TROW',	'T. Rowe Price Group, Inc.',	'2023-11-11 13:48:36.990623'),
(411,	'Biogen Inc.',	221.39,	226.9452,	'BIIB',	'Biogen Inc.',	'2023-11-11 13:48:37.546539'),
(412,	'Liberty Interactive Corporation',	0.61,	0.6599,	'QRTEA',	'Qurate Retail, Inc.',	'2023-11-11 13:48:38.023044'),
(413,	'Charles Schwab Corporation (The',	53.49,	54.65,	'SCHW',	'The Charles Schwab Corporation',	'2023-11-11 13:48:38.552321'),
(414,	'Huntington Bancshares Incorpora',	10.115,	10.29,	'HBAN',	'Huntington Bancshares Incorporated',	'2023-11-11 13:48:39.068622'),
(415,	'NVIDIA Corporation',	472.8301,	484.72,	'NVDA',	'NVIDIA Corporation',	'2023-11-11 13:48:40.058805'),
(416,	'Stericycle, Inc.',	41.4167,	43.04,	'SRCL',	'Stericycle, Inc.',	'2023-11-11 13:48:40.554925'),
(417,	'Starbucks Corporation',	101.99,	104.345,	'SBUX',	'Starbucks Corporation',	'2023-11-11 13:48:41.097026'),
(418,	'Cincinnati Financial Corporatio',	98.74,	99.9,	'CINF',	'Cincinnati Financial Corporation',	'2023-11-11 13:48:42.068371'),
(419,	'Extreme Networks, Inc.',	15.97,	16.8,	'EXTR',	'Extreme Networks, Inc.',	'2023-11-11 13:48:42.592638'),
(420,	'Hologic, Inc.',	69.86,	72.45,	'HOLX',	'Hologic, Inc.',	'2023-11-11 13:48:43.553317'),
(421,	'Comcast Corporation',	41.05,	41.955,	'CMCSA',	'Comcast Corporation',	'2023-11-11 13:48:44.099117'),
(422,	'Marvell Technology, Inc.',	52.525,	54.935,	'MRVL',	'Marvell Technology, Inc.',	'2023-11-11 13:48:45.340041'),
(423,	'Ballard Power Systems, Inc.',	3.14,	3.46,	'BLDP',	'Ballard Power Systems Inc.',	'2023-11-11 13:48:45.842234'),
(424,	'Sify Technologies Limited - Ame',	1.45,	1.61,	'SIFY',	'Sify Technologies Limited',	'2023-11-11 13:48:46.273809'),
(425,	'CDTI ADVANCED MATERIALS INC',	0.6,	0.65,	'CDTI',	'CDTi Advanced Materials, Inc.',	'2023-11-11 13:48:46.725260'),
(426,	'NEXUS ENERGY SERVICES INC NEW',	0.0091,	0.0145,	'IBGR',	'Nexus Energy Services, Inc.',	'2023-11-11 13:48:47.694584'),
(427,	'Medtronic plc.',	69.32,	70.83,	'MDT',	'Medtronic plc',	'2023-11-11 13:48:48.293216'),
(428,	'Dover Corporation',	130.065,	132.03,	'DOV',	'Dover Corporation',	'2023-11-11 13:48:48.805692'),
(429,	'Ashland Inc.',	71.55,	72.9,	'ASH',	'Ashland Inc.',	'2023-11-11 13:48:49.363691'),
(430,	'Northrop Grumman Corporation',	458.335,	464.24,	'NOC',	'Northrop Grumman Corporation',	'2023-11-11 13:48:50.251610'),
(431,	'MGM Resorts International',	37.1499,	38.795,	'MGM',	'MGM Resorts International',	'2023-11-11 13:48:50.761553'),
(432,	'Vornado Realty Trust',	20.09,	20.69,	'VNO',	'Vornado Realty Trust',	'2023-11-11 13:48:51.254248'),
(433,	'Mastercard Incorporated',	386.74,	395.0872,	'MA',	'Mastercard Incorporated',	'2023-11-11 13:48:51.875367'),
(434,	'AutoNation, Inc.',	130.04,	133.13,	'AN',	'AutoNation, Inc.',	'2023-11-11 13:48:52.348706'),
(435,	'Fluor Corporation',	34.27,	36.245,	'FLR',	'Fluor Corporation',	'2023-11-11 13:48:52.834808'),
(436,	'General Dynamics Corporation',	240.735,	244.14,	'GD',	'General Dynamics Corporation',	'2023-11-11 13:48:53.424411'),
(437,	'DTE Energy Company',	98.05,	99.13,	'DTE',	'DTE Energy Company',	'2023-11-11 13:48:54.022970'),
(438,	'Analog Devices, Inc.',	167.835,	172.99,	'ADI',	'Analog Devices, Inc.',	'2023-11-11 13:48:54.511384'),
(439,	'V.F. Corporation',	14.435,	15.04,	'VFC',	'V.F. Corporation',	'2023-11-11 13:48:55.048071'),
(440,	'Cardinal Health, Inc.',	103.025,	104.59,	'CAH',	'Cardinal Health, Inc.',	'2023-11-11 13:48:56.024064'),
(441,	'Xcel Energy Inc.',	58.63,	59.26,	'XEL',	'Xcel Energy Inc.',	'2023-11-11 13:48:56.506724'),
(442,	'D.R. Horton, Inc.',	120.16,	123.2,	'DHI',	'D.R. Horton, Inc.',	'2023-11-11 13:48:56.987527'),
(443,	'Interpublic Group of Companies,',	28.27,	29.11,	'IPG',	'The Interpublic Group of Companies, Inc.',	'2023-11-11 13:48:57.459173'),
(444,	'Lockheed Martin Corporation',	440.97,	445.83,	'LMT',	'Lockheed Martin Corporation',	'2023-11-11 13:48:58.854991'),
(445,	'Waters Corporation',	246.355,	256.25,	'WAT',	'Waters Corporation',	'2023-11-11 13:48:59.387924'),
(446,	'Accenture plc',	314.756,	320.2673,	'ACN',	'Accenture plc',	'2023-11-11 13:48:59.879879'),
(447,	'Dominion Energy, Inc.',	44.51,	45.39,	'D',	'Dominion Energy, Inc.',	'2023-11-11 13:49:00.425801'),
(448,	'Exxon Mobil Corporation',	102.905,	104.41,	'XOM',	'Exxon Mobil Corporation',	'2023-11-11 13:49:00.987037'),
(449,	'The Cigna Group',	286.46,	294,	'CI',	'The Cigna Group',	'2023-11-11 13:49:01.473948'),
(450,	'Kinross Gold Corporation',	5.14,	5.3895,	'KGC',	'Kinross Gold Corporation',	'2023-11-11 13:49:02.444700'),
(451,	'Public Service Enterprise Group',	61.0108,	61.645,	'PEG',	'Public Service Enterprise Group Incorporated',	'2023-11-11 13:49:02.921882'),
(452,	'NiSource Inc',	24.78,	25.09,	'NI',	'NiSource Inc.',	'2023-11-11 13:49:03.411783'),
(453,	'Zimmer Biomet Holdings, Inc.',	102.73,	105.78,	'ZBH',	'Zimmer Biomet Holdings, Inc.',	'2023-11-11 13:49:04.280036'),
(454,	'CSX Corporation',	30.23,	30.78,	'CSX',	'CSX Corporation',	'2023-11-11 13:49:04.795562'),
(455,	'Intercontinental Exchange Inc.',	108.555,	110.06,	'ICE',	'Intercontinental Exchange, Inc.',	'2023-11-11 13:49:05.321587'),
(456,	'Southwest Airlines Company',	22.68,	23.3099,	'LUV',	'Southwest Airlines Co.',	'2023-11-11 13:49:05.786488'),
(457,	'Illinois Tool Works Inc.',	228.44,	232.63,	'ITW',	'Illinois Tool Works Inc.',	'2023-11-11 13:49:06.234594'),
(458,	'Darden Restaurants, Inc.',	148,	150.32,	'DRI',	'Darden Restaurants, Inc.',	'2023-11-11 13:49:06.706806'),
(459,	'Mattel, Inc.',	18.285,	18.84,	'MAT',	'Mattel, Inc.',	'2023-11-11 13:49:07.265872'),
(460,	'Cameco Corporation',	41.64,	42.82,	'CCJ',	'Cameco Corporation',	'2023-11-11 13:49:08.256612'),
(461,	'Halliburton Company',	37.88,	38.53,	'HAL',	'Halliburton Company',	'2023-11-11 13:49:08.755344'),
(462,	'Prologis, Inc.',	102.56,	104.75,	'PLD',	'Prologis, Inc.',	'2023-11-11 13:49:09.219665'),
(463,	'McCormick & Company, Incorporat',	64.08,	64.97,	'MKC',	'McCormick & Company, Incorporated',	'2023-11-11 13:49:09.701819'),
(464,	'Gap, Inc. (The)',	13.09,	13.545,	'GPS',	'The Gap, Inc.',	'2023-11-11 13:49:10.179533'),
(465,	'Terex Corporation',	47.54,	49.34,	'TEX',	'Terex Corporation',	'2023-11-11 13:49:10.645267'),
(466,	'Host Hotels & Resorts, Inc.',	16.045,	16.44,	'HST',	'Host Hotels & Resorts, Inc.',	'2023-11-11 13:49:11.136390'),
(467,	'Estee Lauder Companies, Inc. (T',	111.71,	115.94,	'EL',	'The Estée Lauder Companies Inc.',	'2023-11-11 13:49:11.640150'),
(468,	'International Paper Company',	32.75,	33.37,	'IP',	'International Paper Company',	'2023-11-11 13:49:12.302108'),
(469,	'Emerson Electric Company',	85.1728,	86.82,	'EMR',	'Emerson Electric Co.',	'2023-11-11 13:49:12.829102'),
(470,	'Clorox Company (The)',	132.5,	134.135,	'CLX',	'The Clorox Company',	'2023-11-11 13:49:13.323859'),
(471,	'ConocoPhillips',	114.6,	116.2062,	'COP',	'ConocoPhillips',	'2023-11-11 13:49:13.871864'),
(472,	'Colgate-Palmolive Company',	74.67,	75.6,	'CL',	'Colgate-Palmolive Company',	'2023-11-11 13:49:14.345706'),
(473,	'Noble Corporation plc A',	46.83,	48.07,	'NE',	'Noble Corporation Plc',	'2023-11-11 13:49:15.203806'),
(474,	'Pinnacle West Capital Corporati',	70.04,	71.28,	'PNW',	'Pinnacle West Capital Corporation',	'2023-11-11 13:49:15.661436'),
(475,	'Regions Financial Corporation',	14.875,	15.1599,	'RF',	'Regions Financial Corporation',	'2023-11-11 13:49:16.123785'),
(476,	'CenterPoint Energy, Inc (Holdin',	26.88,	27.16,	'CNP',	'CenterPoint Energy, Inc.',	'2023-11-11 13:49:16.636193'),
(477,	'MetLife, Inc.',	59.45,	60.545,	'MET',	'MetLife, Inc.',	'2023-11-11 13:49:17.112722'),
(478,	'Exelon Corporation',	39.11,	39.605,	'EXC',	'Exelon Corporation',	'2023-11-11 13:49:17.585964'),
(479,	'Baxter International Inc.',	32.52,	33,	'BAX',	'Baxter International Inc.',	'2023-11-11 13:49:18.068783'),
(480,	'Occidental Petroleum Corporatio',	60.1701,	61.2299,	'OXY',	'Occidental Petroleum Corporation',	'2023-11-11 13:49:18.562122'),
(481,	'SentinelOne, Inc.',	15.12,	15.7,	'S',	'SentinelOne, Inc.',	'2023-11-11 13:49:19.002528'),
(482,	'Southern Company (The)',	67.7,	68.44,	'SO',	'The Southern Company',	'2023-11-11 13:49:19.483433'),
(483,	'Tapestry, Inc.',	27.545,	28.235,	'TPR',	'Tapestry, Inc.',	'2023-11-11 13:49:19.941542'),
(484,	'Lennar Corporation',	119.145,	122.65,	'LEN',	'Lennar Corporation',	'2023-11-11 13:49:20.404920'),
(485,	'Campbell Soup Company',	40.07,	40.72,	'CPB',	'Campbell Soup Company',	'2023-11-11 13:49:20.878543'),
(486,	'State Street Corporation',	66.27,	67.64,	'STT',	'State Street Corporation',	'2023-11-11 13:49:21.784377'),
(487,	'Progressive Corporation (The)',	160.06,	161.7241,	'PGR',	'The Progressive Corporation',	'2023-11-11 13:49:22.253294'),
(488,	'Harmony Gold Mining Company Lim',	4.42,	4.53,	'HMY',	'Harmony Gold Mining Company Limited',	'2023-11-11 13:49:22.705581'),
(489,	'Cleveland-Cliffs Inc.',	16.37,	16.65,	'CLF',	'Cleveland-Cliffs Inc.',	'2023-11-11 13:49:23.178870'),
(490,	'Vulcan Materials Company (Holdi',	208.555,	212.075,	'VMC',	'Vulcan Materials Company',	'2023-11-11 13:49:23.656092'),
(491,	'CNX Resources Corporation',	20.685,	21.23,	'CNX',	'CNX Resources Corporation',	'2023-11-11 13:49:24.082330'),
(492,	'Parker-Hannifin Corporation',	412.95,	420.31,	'PH',	'Parker-Hannifin Corporation',	'2023-11-11 13:49:24.609897'),
(493,	'Teck Resources Ltd',	34.485,	35.525,	'TECK',	'Teck Resources Limited',	'2023-11-11 13:49:25.090124'),
(494,	'Genuine Parts Company',	134.54,	136.54,	'GPC',	'Genuine Parts Company',	'2023-11-11 13:49:25.660324'),
(495,	'CBRE Group Inc',	71.96,	73.72,	'CBRE',	'CBRE Group, Inc.',	'2023-11-11 13:49:26.101401'),
(496,	'DuPont de Nemours, Inc.',	67.54,	69.015,	'DD',	'DuPont de Nemours, Inc.',	'2023-11-11 13:49:26.569848'),
(497,	'Orix Corp',	87.26,	88.88,	'IX',	'ORIX Corporation',	'2023-11-11 13:49:26.996566'),
(498,	'Sherwin-Williams Company (The)',	251.69,	256.38,	'SHW',	'The Sherwin-Williams Company',	'2023-11-11 13:49:27.437847'),
(499,	'Pfizer, Inc.',	29.025,	29.815,	'PFE',	'Pfizer Inc.',	'2023-11-11 13:49:27.940985'),
(500,	'Wells Fargo & Company',	40.36,	40.95,	'WFC',	'Wells Fargo & Company',	'2023-11-11 13:49:29.104888'),
(501,	'Manitowoc Company, Inc. (The)',	13.245,	14.1,	'MTW',	'The Manitowoc Company, Inc.',	'2023-11-11 13:49:29.846035'),
(502,	'Walmart Inc.',	163.9,	166.44,	'WMT',	'Walmart Inc.',	'2023-11-11 13:49:30.488912'),
(503,	'Edison International',	62.88,	63.8,	'EIX',	'Edison International',	'2023-11-11 13:49:31.449973'),
(504,	'KB Home',	50.335,	51.5199,	'KBH',	'KB Home',	'2023-11-11 13:49:32.109671'),
(505,	'Snap-On Incorporated',	265.915,	270.43,	'SNA',	'Snap-on Incorporated',	'2023-11-11 13:49:32.608564'),
(506,	'ATI Inc.',	42.8,	43.815,	'ATI',	'ATI Inc.',	'2023-11-11 13:49:33.067187'),
(507,	'Xerox Holdings Corporation',	13.05,	13.4,	'XRX',	'Xerox Holdings Corporation',	'2023-11-11 13:49:33.648091'),
(508,	'Equifax, Inc.',	180.31,	185.345,	'EFX',	'Equifax Inc.',	'2023-11-11 13:49:34.241675'),
(509,	'Gold Fields Limited',	12.62,	12.86,	'GFI',	'Gold Fields Limited',	'2023-11-11 13:49:35.033590'),
(510,	'McKesson Corporation',	462.85,	469.972,	'MCK',	'McKesson Corporation',	'2023-11-11 13:49:35.976365'),
(511,	'Entergy Corporation',	96.2701,	97.43,	'ETR',	'Entergy Corporation',	'2023-11-11 13:49:36.576097'),
(512,	'CMS Energy Corporation',	54.97,	55.9,	'CMS',	'CMS Energy Corporation',	'2023-11-11 13:49:37.057413'),
(513,	'Honda Motor Company, Ltd.',	31.145,	31.605,	'HMC',	'Honda Motor Co., Ltd.',	'2023-11-11 13:49:37.610224'),
(514,	'Ameriprise Financial, Inc.',	331.185,	337.15,	'AMP',	'Ameriprise Financial, Inc.',	'2023-11-11 13:49:38.043488'),
(515,	'American International Group, I',	62.955,	63.92,	'AIG',	'American International Group, Inc.',	'2023-11-11 13:49:38.532054'),
(516,	'Ralph Lauren Corporation',	113.97,	116.585,	'RL',	'Ralph Lauren Corporation',	'2023-11-11 13:49:39.052968'),
(517,	'Leggett & Platt, Incorporated',	22.6521,	23.14,	'LEG',	'Leggett & Platt, Incorporated',	'2023-11-11 13:49:39.560875'),
(518,	'International Flavors & Fragran',	70.22,	72.005,	'IFF',	'International Flavors & Fragrances Inc.',	'2023-11-11 13:49:40.528446'),
(519,	'Petroleo Brasileiro S.A.- Petro',	15.14,	15.36,	'PBR',	'Petróleo Brasileiro S.A. - Petrobras',	'2023-11-11 13:49:41.030985'),
(520,	'M/I Homes, Inc.',	94.13,	96.82,	'MHO',	'M/I Homes, Inc.',	'2023-11-11 13:49:41.592134'),
(521,	'W.W. Grainger, Inc.',	781.93,	794.14,	'GWW',	'W.W. Grainger, Inc.',	'2023-11-11 13:49:42.094839'),
(522,	'Diamond Offshore Drilling, Inc.',	12.57,	13.11,	'DO',	'Diamond Offshore Drilling, Inc.',	'2023-11-11 13:49:43.111327'),
(523,	'Constellation Brands, Inc.',	235.76,	240.4965,	'STZ',	'Constellation Brands, Inc.',	'2023-11-11 13:49:43.601343'),
(524,	'American Tower Corporation (REI',	179.315,	184.5441,	'AMT',	'American Tower Corporation',	'2023-11-11 13:49:44.673619'),
(525,	'Grupo Televisa S.A.',	2.3407,	2.44,	'TV',	'Grupo Televisa, S.A.B.',	'2023-11-11 13:49:45.196708'),
(526,	'Philip Morris International Inc',	88.68,	90.07,	'PM',	'Philip Morris International Inc.',	'2023-11-11 13:49:45.763603'),
(527,	'Fidelity National Information S',	51.57,	52.67,	'FIS',	'Fidelity National Information Services, Inc.',	'2023-11-11 13:49:46.267133'),
(528,	'Altria Group, Inc.',	39.7,	40.29,	'MO',	'Altria Group, Inc.',	'2023-11-11 13:49:46.849282'),
(529,	'Stewart Information Services Co',	44.21,	44.95,	'STC',	'Stewart Information Services Corporation',	'2023-11-11 13:49:47.801226'),
(530,	'Hartford Financial Services Gro',	73.12,	74.05,	'HIG',	'The Hartford Financial Services Group, Inc.',	'2023-11-11 13:49:49.376895'),
(531,	'The Hershey Company',	188.5,	191.98,	'HSY',	'The Hershey Company',	'2023-11-11 13:49:50.294224'),
(532,	'SITE Centers Corp.',	12.785,	13.09,	'SITC',	'SITE Centers Corp.',	'2023-11-11 13:49:50.837697'),
(533,	'DXC Technology Company',	21.43,	21.875,	'DXC',	'DXC Technology Company',	'2023-11-11 13:49:51.321236'),
(534,	'Morgan Stanley',	74.05,	75.39,	'MS',	'Morgan Stanley',	'2023-11-11 13:49:51.853827'),
(535,	'PNC Financial Services Group, I',	118.56,	121.04,	'PNC',	'The PNC Financial Services Group, Inc.',	'2023-11-11 13:49:52.402703'),
(536,	'Waste Management, Inc.',	169.8,	172,	'WM',	'Waste Management, Inc.',	'2023-11-11 13:49:52.913340'),
(537,	'Assurant, Inc.',	161.51,	164.15,	'AIZ',	'Assurant, Inc.',	'2023-11-11 13:49:53.984108'),
(538,	'Kroger Company (The)',	43.5,	44.07,	'KR',	'The Kroger Co.',	'2023-11-11 13:49:54.572099'),
(539,	'Molson Coors Beverage Company',	58.03,	59.04,	'TAP',	'Molson Coors Beverage Company',	'2023-11-11 13:49:55.137017'),
(540,	'Home Depot, Inc. (The)',	286.79,	291.59,	'HD',	'The Home Depot, Inc.',	'2023-11-11 13:49:55.699885'),
(541,	'Becton, Dickinson and Company',	231.0601,	235.7,	'BDX',	'Becton, Dickinson and Company',	'2023-11-11 13:49:56.276009'),
(542,	'Arch Resources, Inc.',	145.7,	148.28,	'ARCH',	'Arch Resources, Inc.',	'2023-11-11 13:49:56.791482'),
(543,	'J.M. Smucker Company (The) New',	107.78,	109.235,	'SJM',	'The J. M. Smucker Company',	'2023-11-11 13:49:57.416221'),
(544,	'Vmware, Inc.',	149.2,	151.64,	'VMW',	'VMware, Inc.',	'2023-11-11 13:49:58.016453'),
(545,	'Sealed Air Corporation',	31.93,	32.83,	'SEE',	'Sealed Air Corporation',	'2023-11-11 13:49:58.561103'),
(546,	'Best Buy Co., Inc.',	62.3001,	64.26,	'BBY',	'Best Buy Co., Inc.',	'2023-11-11 13:49:59.177137'),
(547,	'Archer-Daniels-Midland Company',	71.99,	73.2299,	'ADM',	'Archer-Daniels-Midland Company',	'2023-11-11 13:49:59.812411'),
(548,	'International Business Machines',	146.85,	149.17,	'IBM',	'International Business Machines Corporation',	'2023-11-11 13:50:01.009264'),
(549,	'Union Pacific Corporation',	208.5,	211.92,	'UNP',	'Union Pacific Corporation',	'2023-11-11 13:50:01.602199'),
(550,	'China Fund, Inc. (The)',	9.962,	10.08,	'CHN',	'The China Fund, Inc.',	'2023-11-11 13:50:02.154510'),
(551,	'Ryder System, Inc.',	100.55,	104,	'R',	'Ryder System, Inc.',	'2023-11-11 13:50:03.329267'),
(552,	'SLM Corporation',	14.64,	14.97,	'SLM',	'SLM Corporation',	'2023-11-11 13:50:05.424082'),
(553,	'Micron Technology, Inc.',	73.565,	75.805,	'MU',	'Micron Technology, Inc.',	'2023-11-11 13:50:06.285679'),
(554,	'Avery Dennison Corporation',	176.7759,	180.15,	'AVY',	'Avery Dennison Corporation',	'2023-11-11 13:50:07.275882'),
(555,	'Marathon Oil Corporation',	24.855,	25.23,	'MRO',	'Marathon Oil Corporation',	'2023-11-11 13:50:08.959229'),
(556,	'CF Industries Holdings, Inc.',	78.48,	80.54,	'CF',	'CF Industries Holdings, Inc.',	'2023-11-11 13:50:09.510528'),
(557,	'APA Corporation',	36.4485,	37.07,	'APA',	'APA Corporation',	'2023-11-11 13:50:10.112196'),
(558,	'Duke Energy Corporation (Holdin',	87.725,	88.68,	'DUK',	'Duke Energy Corporation',	'2023-11-11 13:50:10.719260'),
(559,	'KeyCorp',	10.82,	11.085,	'KEY',	'KeyCorp',	'2023-11-11 13:50:11.356372'),
(560,	'Teradata Corporation',	45.51,	46.71,	'TDC',	'Teradata Corporation',	'2023-11-11 13:50:11.997965'),
(561,	'Synovus Financial Corp.',	26.84,	27.4,	'SNV',	'Synovus Financial Corp.',	'2023-11-11 13:50:12.806576'),
(562,	'Wheaton Precious Metals Corp',	42.25,	43.435,	'WPM',	'Wheaton Precious Metals Corp.',	'2023-11-11 13:50:13.462819'),
(563,	'Laboratory Corporation of Ameri',	202.88,	205.39,	'LH',	'Laboratory Corporation of America Holdings',	'2023-11-11 13:50:14.226539'),
(564,	'Boston Properties, Inc.',	51.69,	52.71,	'BXP',	'Boston Properties, Inc.',	'2023-11-11 13:50:14.747123'),
(565,	'Western Digital Corporation',	44.04,	45.18,	'WDC',	'Western Digital Corporation',	'2023-11-11 13:50:15.314961'),
(566,	'PPG Industries, Inc.',	127.14,	129.04,	'PPG',	'PPG Industries, Inc.',	'2023-11-11 13:50:15.911446'),
(567,	'S&P Global Inc.',	387.055,	394.1,	'SPGI',	'S&P Global Inc.',	'2023-11-11 13:50:16.478016'),
(568,	'Abercrombie & Fitch Company',	65.34,	67.27,	'ANF',	'Abercrombie & Fitch Co.',	'2023-11-11 13:50:17.021823'),
(569,	'Williams Companies, Inc. (The)',	34.7,	35.2,	'WMB',	'The Williams Companies, Inc.',	'2023-11-11 13:50:17.586503'),
(570,	'Brunswick Corporation',	69.48,	70.54,	'BC',	'Brunswick Corporation',	'2023-11-11 13:50:18.827790'),
(571,	'Eastman Chemical Company',	75.965,	77.5,	'EMN',	'Eastman Chemical Company',	'2023-11-11 13:50:19.971806'),
(572,	'Verizon Communications Inc.',	35.395,	35.92,	'VZ',	'Verizon Communications Inc.',	'2023-11-11 13:50:20.670989'),
(573,	'Nucor Corporation',	150.21,	152.99,	'NUE',	'Nucor Corporation',	'2023-11-11 13:50:21.315424'),
(574,	'Omnicom Group Inc.',	74.408,	75.83,	'OMC',	'Omnicom Group Inc.',	'2023-11-11 13:50:21.894378'),
(575,	'New York Times Company (The)',	43.05,	43.66,	'NYT',	'The New York Times Company',	'2023-11-11 13:50:22.479505'),
(576,	'Lincoln National Corporation',	21.595,	22.17,	'LNC',	'Lincoln National Corporation',	'2023-11-11 13:50:23.067775'),
(577,	'UBS Group AG Registered',	24.23,	24.545,	'UBS',	'UBS Group AG',	'2023-11-11 13:50:23.545739'),
(578,	'NOV Inc.',	18.93,	19.5,	'NOV',	'NOV Inc.',	'2023-11-11 13:50:24.008726'),
(579,	'AvalonBay Communities, Inc.',	165.635,	168.65,	'AVB',	'AvalonBay Communities, Inc.',	'2023-11-11 13:50:24.518515'),
(580,	'Marriott International',	193.885,	197.774,	'MAR',	'Marriott International, Inc.',	'2023-11-11 13:50:25.160125'),
(581,	'Ingersoll Rand Inc.',	66.99,	68.36,	'IR',	'Ingersoll Rand Inc.',	'2023-11-11 13:50:25.673308'),
(582,	'Bristol-Myers Squibb Company',	49.58,	50.7,	'BMY',	'Bristol-Myers Squibb Company',	'2023-11-11 13:50:26.389955'),
(583,	'Genworth Financial Inc',	5.48,	5.74,	'GNW',	'Genworth Financial, Inc.',	'2023-11-11 13:50:27.009383'),
(584,	'American Electric Power Company',	77.14,	78.12,	'AEP',	'American Electric Power Company, Inc.',	'2023-11-11 13:50:27.587987'),
(585,	'Thermo Fisher Scientific Inc',	437.26,	449.16,	'TMO',	'Thermo Fisher Scientific Inc.',	'2023-11-11 13:50:28.180656'),
(586,	'Kohl\'s Corporation',	20.965,	22.49,	'KSS',	'Kohl\'s Corporation',	'2023-11-11 13:50:29.145559'),
(587,	'Newmont Corporation',	33.585,	34.23,	'NEM',	'Newmont Corporation',	'2023-11-11 13:50:29.774391'),
(588,	'Graham Holdings Company',	599.03,	616.99,	'GHC',	'Graham Holdings Company',	'2023-11-11 13:50:30.985957'),
(589,	'Public Storage',	244.4,	248.56,	'PSA',	'Public Storage',	'2023-11-11 13:50:32.194150'),
(590,	'The Travelers Companies, Inc.',	167.54,	170.13,	'TRV',	'The Travelers Companies, Inc.',	'2023-11-11 13:50:32.818289'),
(591,	'Stanley Black & Decker, Inc.',	83.33,	85.53,	'SWK',	'Stanley Black & Decker, Inc.',	'2023-11-11 13:50:33.376509'),
(592,	'MBIA Inc.',	6.88,	7.1,	'MBI',	'MBIA Inc.',	'2023-11-11 13:50:34.053651'),
(593,	'HDFC Bank Limited',	56.45,	57.39,	'HDB',	'HDFC Bank Limited',	'2023-11-11 13:50:34.702289'),
(594,	'NIPPON TEL & TEL CORP SPON ADR',	28.24,	29.12,	'NTTYY',	'Nippon Telegraph and Telephone Corporation',	'2023-11-11 13:50:35.172629'),
(595,	'Franklin Resources, Inc.',	22.33,	22.995,	'BEN',	'Franklin Resources, Inc.',	'2023-11-11 13:50:35.681059'),
(596,	'Humana Inc.',	488.95,	497.13,	'HUM',	'Humana Inc.',	'2023-11-11 13:50:36.244596'),
(597,	'H&R Block, Inc.',	43.41,	45.09,	'HRB',	'H&R Block, Inc.',	'2023-11-11 13:50:36.700634'),
(598,	'Unum Group',	43.29,	43.945,	'UNM',	'Unum Group',	'2023-11-11 13:50:37.674566'),
(599,	'Chubb Limited',	218.835,	222.6112,	'CB',	'Chubb Limited',	'2023-11-11 13:50:38.238173'),
(600,	'Jefferies Financial Group Inc.',	33.16,	34.09,	'JEF',	'Jefferies Financial Group Inc.',	'2023-11-11 13:50:38.792528'),
(601,	'Johnson & Johnson',	145.64,	148.5,	'JNJ',	'Johnson & Johnson',	'2023-11-11 13:50:39.586874'),
(602,	'Tyson Foods, Inc.',	46.22,	47.05,	'TSN',	'Tyson Foods, Inc.',	'2023-11-11 13:50:40.166311'),
(603,	'Target Corporation',	105.23,	108.63,	'TGT',	'Target Corporation',	'2023-11-11 13:50:40.796362'),
(604,	'Jabil Inc.',	126.065,	128.93,	'JBL',	'Jabil Inc.',	'2023-11-11 13:50:41.345436'),
(605,	'American Express Company',	152.1001,	154.48,	'AXP',	'American Express Company',	'2023-11-11 13:50:41.953852'),
(606,	'America Movil, S.A.B. de C.V.',	16.945,	17.29,	'AMX',	'América Móvil, S.A.B. de C.V.',	'2023-11-11 13:50:42.503896'),
(607,	'Masco Corporation',	55.39,	56.225,	'MAS',	'Masco Corporation',	'2023-11-11 13:50:42.998336'),
(608,	'United States Steel Corporation',	33.98,	34.425,	'X',	'United States Steel Corporation',	'2023-11-11 13:50:43.619398'),
(609,	'Stryker Corporation',	266.93,	275.23,	'SYK',	'Stryker Corporation',	'2023-11-11 13:50:44.246166'),
(610,	'Mitsubishi UFJ Financial Group,',	8.135,	8.3,	'MUFG',	'Mitsubishi UFJ Financial Group, Inc.',	'2023-11-11 13:50:45.177521'),
(611,	'Discover Financial Services',	82.15,	83.6302,	'DFS',	'Discover Financial Services',	'2023-11-11 13:50:45.717982'),
(612,	'Prudential Financial, Inc.',	90.9,	92.18,	'PRU',	'Prudential Financial, Inc.',	'2023-11-11 13:50:46.225019'),
(613,	'Abbott Laboratories',	92.43,	94.22,	'ABT',	'Abbott Laboratories',	'2023-11-11 13:50:46.784279'),
(614,	'General Electric Company',	113.19,	115.56,	'GE',	'General Electric Company',	'2023-11-11 13:50:47.339385'),
(615,	'OI SA SPON ADR EACH REP 0.10 OR',	0.0003,	0.0003,	'OIBRQ',	'Oi S.A.',	'2023-11-11 13:50:48.218945'),
(616,	'Quest Diagnostics Incorporated',	131.42,	133.01,	'DGX',	'Quest Diagnostics Incorporated',	'2023-11-11 13:50:49.302484'),
(617,	'United Parcel Service, Inc.',	136.52,	138.82,	'UPS',	'United Parcel Service, Inc.',	'2023-11-11 13:50:49.801597'),
(618,	'CVS Health Corporation',	66.12,	67.72,	'CVS',	'CVS Health Corporation',	'2023-11-11 13:50:50.967937'),
(619,	'ITT Inc.',	101.005,	103.06,	'ITT',	'ITT Inc.',	'2023-11-11 13:50:51.489261'),
(620,	'PPL Corporation',	25.2112,	25.425,	'PPL',	'PPL Corporation',	'2023-11-11 13:50:52.110607'),
(621,	'Robert Half Inc.',	75.955,	77.12,	'RHI',	'Robert Half Inc.',	'2023-11-11 13:50:53.291097'),
(622,	'Simon Property Group, Inc.',	113.4,	115.54,	'SPG',	'Simon Property Group, Inc.',	'2023-11-11 13:50:54.213085'),
(623,	'ICICI Bank Limited',	22.63,	22.74,	'IBN',	'ICICI Bank Limited',	'2023-11-11 13:50:54.763398'),
(624,	'Big Lots, Inc.',	3.47,	3.8,	'BIG',	'Big Lots, Inc.',	'2023-11-11 13:50:55.267237'),
(625,	'Johnson Controls International',	50,	51.29,	'JCI',	'Johnson Controls International plc',	'2023-11-11 13:50:56.339061'),
(626,	'Cummins Inc.',	214.575,	219.285,	'CMI',	'Cummins Inc.',	'2023-11-11 13:50:57.113744'),
(627,	'Allstate Corporation (The)',	128.33,	130.427,	'ALL',	'The Allstate Corporation',	'2023-11-11 13:50:57.684985'),
(628,	'DBA Sempra',	69.22,	70.45,	'SRE',	'Sempra',	'2023-11-11 13:50:58.168679'),
(629,	'Devon Energy Corporation',	44.53,	45.96,	'DVN',	'Devon Energy Corporation',	'2023-11-11 13:50:58.842990'),
(630,	'ConAgra Brands, Inc.',	27.645,	28.1,	'CAG',	'Conagra Brands, Inc.',	'2023-11-11 13:50:59.422804'),
(631,	'TJX Companies, Inc. (The)',	89.73,	91.52,	'TJX',	'The TJX Companies, Inc.',	'2023-11-11 13:50:59.944826'),
(632,	'Whirlpool Corporation',	107.16,	109.8,	'WHR',	'Whirlpool Corporation',	'2023-11-11 13:51:00.589787'),
(633,	'Range Resources Corporation',	32.62,	33.74,	'RRC',	'Range Resources Corporation',	'2023-11-11 13:51:01.130761'),
(634,	'FirstEnergy Corp.',	35.27,	35.65,	'FE',	'FirstEnergy Corp.',	'2023-11-11 13:51:01.665894'),
(635,	'Hovnanian Enterprises, Inc.',	78.97,	83.355,	'HOV',	'Hovnanian Enterprises, Inc.',	'2023-11-11 13:51:02.173829'),
(636,	'Globe Life Inc.',	114.685,	116.7,	'GL',	'Globe Life Inc.',	'2023-11-11 13:51:02.682105'),
(637,	'PulteGroup, Inc.',	80.6,	82.645,	'PHM',	'PulteGroup, Inc.',	'2023-11-11 13:51:03.954025'),
(638,	'Valero Energy Corporation',	120.8,	122.86,	'VLO',	'Valero Energy Corporation',	'2023-11-11 13:51:05.021917'),
(639,	'International Game Technology',	26.45,	27.17,	'IGT',	'International Game Technology PLC',	'2023-11-11 13:51:05.598398'),
(640,	'Boston Scientific Corporation',	50.84,	51.86,	'BSX',	'Boston Scientific Corporation',	'2023-11-11 13:51:06.614879'),
(641,	'Capital One Financial Corporati',	102.63,	104.628,	'COF',	'Capital One Financial Corporation',	'2023-11-11 13:51:07.623673'),
(642,	'Pacific Gas & Electric Co.',	16.53,	16.805,	'PCG',	'PG&E Corporation',	'2023-11-11 13:51:08.173438'),
(643,	'Norfolk Southern Corporation',	193.82,	197.19,	'NSC',	'Norfolk Southern Corporation',	'2023-11-11 13:51:08.720172'),
(644,	'AFLAC Incorporated',	81.13,	81.695,	'AFL',	'Aflac Incorporated',	'2023-11-11 13:51:09.348765'),
(645,	'Chesapeake Energy Corporation',	78.28,	81.16,	'CHK',	'Chesapeake Energy Corporation',	'2023-11-11 13:51:09.827686'),
(646,	'Harley-Davidson, Inc.',	26.35,	26.85,	'HOG',	'Harley-Davidson, Inc.',	'2023-11-11 13:51:10.310643'),
(647,	'Equity Residential',	53.48,	54.72,	'EQR',	'Equity Residential',	'2023-11-11 13:51:10.797683'),
(648,	'Pitney Bowes Inc.',	3.88,	4.115,	'PBI',	'Pitney Bowes Inc.',	'2023-11-11 13:51:11.335991'),
(649,	'Air Products and Chemicals, Inc',	263.01,	267.34,	'APD',	'Air Products and Chemicals, Inc.',	'2023-11-11 13:51:11.918692'),
(650,	'First Horizon Corporation',	10.96,	11.325,	'FHN',	'First Horizon Corporation',	'2023-11-11 13:51:12.428183'),
(651,	'Principal Financial Group Inc',	68.69,	69.66,	'PFG',	'Principal Financial Group, Inc.',	'2023-11-11 13:51:12.918707'),
(652,	'Texas Instruments Incorporated',	143.08,	147.58,	'TXN',	'Texas Instruments Incorporated',	'2023-11-11 13:51:13.543292'),
(653,	'Grupo Aeroportuario del Sureste',	213.73,	219.39,	'ASR',	'Grupo Aeroportuario del Sureste, S. A. B. de C. V.',	'2023-11-11 13:51:14.068188'),
(654,	'HP Inc.',	27.025,	27.62,	'HPQ',	'HP Inc.',	'2023-11-11 13:51:14.596814'),
(655,	'Coca-Cola Europacific Partners',	59.65,	60.87,	'CCEP',	'Coca-Cola Europacific Partners PLC',	'2023-11-11 13:51:15.129254'),
(656,	'Honeywell International Inc.',	183.67,	186.92,	'HON',	'Honeywell International Inc.',	'2023-11-11 13:51:15.772305'),
(657,	'Nomura Holdings Inc',	3.96,	4.05,	'NMR',	'Nomura Holdings, Inc.',	'2023-11-11 13:51:16.276882'),
(658,	'Advanced Micro Devices, Inc.',	114.03,	119.7,	'AMD',	'Advanced Micro Devices, Inc.',	'2023-11-11 13:51:16.807302'),
(659,	'M&T Bank Corporation',	115.925,	118.59,	'MTB',	'M&T Bank Corporation',	'2023-11-11 13:51:17.298005'),
(660,	'Mosaic Company (The)',	33.005,	33.73,	'MOS',	'The Mosaic Company',	'2023-11-11 13:51:18.413503'),
(661,	'Las Vegas Sands Corp.',	46.4,	47.82,	'LVS',	'Las Vegas Sands Corp.',	'2023-11-11 13:51:19.530110'),
(662,	'Freeport-McMoRan, Inc.',	32.825,	33.83,	'FCX',	'Freeport-McMoRan Inc.',	'2023-11-11 13:51:20.278196'),
(663,	'AutoZone, Inc.',	2667.4,	2712.905,	'AZO',	'AutoZone, Inc.',	'2023-11-11 13:51:20.796968'),
(664,	'Nabors Industries Ltd.',	88.265,	90.03,	'NBR',	'Nabors Industries Ltd.',	'2023-11-11 13:51:21.441699'),
(665,	'Sysco Corporation',	66.3,	67.39,	'SYY',	'Sysco Corporation',	'2023-11-11 13:51:21.977585'),
(666,	'Tenet Healthcare Corporation',	52.08,	54.06,	'THC',	'Tenet Healthcare Corporation',	'2023-11-11 13:51:22.487353'),
(667,	'Ameren Corporation',	75.66,	76.99,	'AEE',	'Ameren Corporation',	'2023-11-11 13:51:23.054499'),
(668,	'Eaton Corporation, PLC',	217.91,	222.26,	'ETN',	'Eaton Corporation plc',	'2023-11-11 13:51:24.260015'),
(669,	'Scully Royalty Ltd.',	4.21,	4.41,	'SRL',	'Scully Royalty Ltd.',	'2023-11-11 13:51:24.772494'),
(670,	'Coca Cola Femsa S.A.B. de C.V.',	80.91,	82.8,	'KOF',	'Coca-Cola FEMSA, S.A.B. de C.V.',	'2023-11-11 13:51:25.297462'),
(671,	'Salesforce, Inc.',	208.8448,	214.265,	'CRM',	'Salesforce, Inc.',	'2023-11-11 13:51:25.849127'),
(672,	'Enerpac Tool Group Corp.',	27.95,	28.3,	'EPAC',	'Enerpac Tool Group Corp.',	'2023-11-11 13:51:26.390715'),
(673,	'Consolidated Edison, Inc.',	88.905,	89.88,	'ED',	'Consolidated Edison, Inc.',	'2023-11-11 13:51:27.057749'),
(674,	'The AES Corporation',	15.58,	15.9199,	'AES',	'The AES Corporation',	'2023-11-11 13:51:27.628224'),
(675,	'Transocean Ltd (Switzerland)',	6.61,	6.82,	'RIG',	'Transocean Ltd.',	'2023-11-11 13:51:28.215838'),
(676,	'Apartment Investment and Manage',	6.2,	6.36,	'AIV',	'Apartment Investment and Management Company',	'2023-11-11 13:51:28.936996'),
(677,	'Textron Inc.',	75.02,	76.15,	'TXT',	'Textron Inc.',	'2023-11-11 13:51:29.499465'),
(678,	'GRUMA SAB DE CV',	16.29,	16.29,	'GPAGF',	'Gruma, S.A.B. de C.V.',	'2023-11-11 13:51:30.118767'),
(679,	'Unisys Corporation New',	3.96,	4.465,	'UIS',	'Unisys Corporation',	'2023-11-11 13:51:30.805828'),
(680,	'Via Renewables, Inc.',	7.0501,	7.5,	'VIA',	'Via Renewables, Inc.',	'2023-11-11 13:51:31.802170'),
(681,	'U.S. Bancorp',	33.695,	34.29,	'USB',	'U.S. Bancorp',	'2023-11-11 13:51:32.424744'),
(682,	'Comerica Incorporated',	40.75,	41.66,	'CMA',	'Comerica Incorporated',	'2023-11-11 13:51:33.007321'),
(683,	'Valaris Limited',	68.06,	69.41,	'VAL',	'Valaris Limited',	'2023-11-11 13:51:33.530411'),
(684,	'Visa Inc.',	241.97,	245.27,	'V',	'Visa Inc.',	'2023-11-11 13:51:34.602995'),
(685,	'MGIC Investment Corporation',	17.46,	17.69,	'MTG',	'MGIC Investment Corporation',	'2023-11-11 13:51:35.161687'),
(686,	'Baker Hughes Company',	34.11,	34.49,	'BKR',	'Baker Hughes Company',	'2023-11-11 13:51:35.702158'),
(687,	'Toyota Motor Corporation',	184.13,	187.1,	'TM',	'Toyota Motor Corporation',	'2023-11-11 13:51:36.250624'),
(688,	'Western Union Company (The)',	11.63,	11.78,	'WU',	'The Western Union Company',	'2023-11-11 13:51:36.769402'),
(689,	'Hess Corporation',	140.03,	141.9,	'HES',	'Hess Corporation',	'2023-11-11 13:51:37.926452'),
(690,	'Yum! Brands, Inc.',	123.595,	126.08,	'YUM',	'Yum! Brands, Inc.',	'2023-11-11 13:51:38.504992'),
(691,	'Marsh & McLennan Companies, Inc',	197.56,	200.68,	'MMC',	'Marsh & McLennan Companies, Inc.',	'2023-11-11 13:51:39.090029'),
(692,	'KYOCERA CORP SPON ADS EACH REP',	52.475,	52.7299,	'KYOCY',	'Kyocera Corporation',	'2023-11-11 13:51:39.759037'),
(693,	'Kellanova',	51.55,	52.26,	'K',	'Kellanova',	'2023-11-11 13:51:40.329674'),
(694,	'Kimco Realty Corporation (HC)',	17.685,	17.96,	'KIM',	'Kimco Realty Corporation',	'2023-11-11 13:51:40.907060'),
(695,	'Ecolab Inc.',	175.34,	178.36,	'ECL',	'Ecolab Inc.',	'2023-11-11 13:51:41.503776'),
(696,	'Nordstrom, Inc.',	13.09,	13.62,	'JWN',	'Nordstrom, Inc.',	'2023-11-11 13:51:42.076590'),
(697,	'EOG Resources, Inc.',	121.65,	123.29,	'EOG',	'EOG Resources, Inc.',	'2023-11-11 13:51:42.728047'),
(698,	'Newell Brands Inc.',	6.59,	6.85,	'NWL',	'Newell Brands Inc.',	'2023-11-11 13:51:43.312364'),
(699,	'Aon plc',	331.17,	334.15,	'AON',	'Aon plc',	'2023-11-11 13:51:43.858861'),
(700,	'Hasbro, Inc.',	42.66,	43.37,	'HAS',	'Hasbro, Inc.',	'2023-11-11 13:51:44.469850'),
(701,	'The Bank of New York Mellon Cor',	45.13,	45.715,	'BK',	'The Bank of New York Mellon Corporation',	'2023-11-11 13:51:44.963692'),
(702,	'Wipro Limited',	4.49,	4.55,	'WIT',	'Wipro Limited',	'2023-11-11 13:51:45.475131'),
(703,	'Schlumberger N.V.',	52.665,	53.49,	'SLB',	'Schlumberger Limited',	'2023-11-11 13:51:46.023215'),
(704,	'Walgreens Boots Alliance, Inc.',	20.351,	20.8,	'WBA',	'Walgreens Boots Alliance, Inc.',	'2023-11-11 13:51:46.617500'),
(705,	'Rockwell Automation, Inc.',	254.08,	259.275,	'ROK',	'Rockwell Automation, Inc.',	'2023-11-11 13:51:47.204162'),
(706,	'Pepsico, Inc.',	164.88,	167.78,	'PEP',	'PepsiCo, Inc.',	'2023-11-11 13:51:47.792991'),
(707,	'UnitedHealth Group Incorporated',	536.02,	542.68,	'UNH',	'UnitedHealth Group Incorporated',	'2023-11-11 13:51:48.329947'),
(708,	'Teradyne, Inc.',	85.28,	88.4625,	'TER',	'Teradyne, Inc.',	'2023-11-11 13:51:48.903043'),
(709,	'Murphy Oil Corporation',	42.3098,	43.29,	'MUR',	'Murphy Oil Corporation',	'2023-11-11 13:51:49.450313'),
(710,	'Mizuho Financial Group, Inc. Sp',	3.215,	3.26,	'MFG',	'Mizuho Financial Group, Inc.',	'2023-11-11 13:51:49.927649'),
(711,	'Dillard\'s, Inc.',	286.39,	297.16,	'DDS',	'Dillard\'s, Inc.',	'2023-11-11 13:51:50.487993'),
(712,	'Danaher Corporation',	192.345,	197.19,	'DHR',	'Danaher Corporation',	'2023-11-11 13:51:51.092654'),
(713,	'SunPower Corporation',	3.69,	3.865,	'SPWR',	'SunPower Corporation',	'2023-11-11 13:51:52.110172'),
(714,	'Seagate Technology Holdings PLC',	71.07,	72.56,	'STX',	'Seagate Technology Holdings plc',	'2023-11-11 13:51:52.659483'),
(715,	'Agilent Technologies, Inc.',	104.09,	108.48,	'A',	'Agilent Technologies, Inc.',	'2023-11-11 13:51:53.232321'),
(716,	'Cemex, S.A.B. de C.V. Sponsored',	6.835,	6.96,	'CX',	'CEMEX, S.A.B. de C.V.',	'2023-11-11 13:51:53.809854'),
(717,	'Delta Air Lines, Inc.',	33.44,	34.13,	'DAL',	'Delta Air Lines, Inc.',	'2023-11-11 13:51:54.516862'),
(718,	'Macy\'s Inc',	10.72,	11.16,	'M',	'Macy\'s, Inc.',	'2023-11-11 13:51:55.103744'),
(719,	'Moody\'s Corporation',	338.815,	345.025,	'MCO',	'Moody\'s Corporation',	'2023-11-11 13:51:55.653875'),
(720,	'Nike, Inc.',	105.61,	107.83,	'NKE',	'NIKE, Inc.',	'2023-11-11 13:51:56.261491'),
(721,	'Dr. Reddy\'s Laboratories Ltd',	64.83,	65.78,	'RDY',	'Dr. Reddy\'s Laboratories Limited',	'2023-11-11 13:51:56.818274'),
(722,	'Lindsay Corporation',	120.23,	123.1,	'LNN',	'Lindsay Corporation',	'2023-11-11 13:51:57.403520'),
(723,	'Procter & Gamble Company (The)',	149.92,	151.44,	'PG',	'The Procter & Gamble Company',	'2023-11-11 13:51:58.030566'),
(724,	'Weyerhaeuser Company',	29.645,	30.22,	'WY',	'Weyerhaeuser Company',	'2023-11-11 13:51:58.751314'),
(725,	'Automatic Data Processing, Inc.',	226.34,	229.19,	'ADP',	'Automatic Data Processing, Inc.',	'2023-11-11 13:51:59.830920'),
(726,	'Veradigm Inc.',	12.65,	12.97,	'MDRX',	'Veradigm Inc.',	'2023-11-11 13:52:01.322150'),
(727,	'Reliance Steel & Aluminum Co.',	264.4,	267.51,	'RS',	'Reliance Steel & Aluminum Co.',	'2023-11-11 13:52:01.865947'),
(728,	'SSR Mining Inc.',	11.41,	11.72,	'SSRM',	'SSR Mining Inc.',	'2023-11-11 13:52:02.367096'),
(729,	'Southwestern Energy Company',	6.43,	6.68,	'SWN',	'Southwestern Energy Company',	'2023-11-11 13:52:03.154948'),
(730,	'Carter\'s, Inc.',	66.67,	68.765,	'CRI',	'Carter\'s, Inc.',	'2023-11-11 13:52:03.678060'),
(731,	'Keurig Dr Pepper Inc.',	30.815,	31.06,	'KDP',	'Keurig Dr Pepper Inc.',	'2023-11-11 13:52:04.243326'),
(732,	'Lowe\'s Companies, Inc.',	189.05,	194.84,	'LOW',	'Lowe\'s Companies, Inc.',	'2023-11-11 13:52:04.797483'),
(733,	'The Middleby Corporation',	118.33,	120.73,	'MIDD',	'The Middleby Corporation',	'2023-11-11 13:52:05.881151'),
(734,	'VALE S.A.',	14.36,	14.61,	'VALE',	'Vale S.A.',	'2023-11-11 13:52:06.486785'),
(735,	'United Airlines Holdings, Inc.',	37.23,	38.145,	'UAL',	'United Airlines Holdings, Inc.',	'2023-11-11 13:52:07.461880'),
(736,	'Netflix, Inc.',	435.51,	447.47,	'NFLX',	'Netflix, Inc.',	'2023-11-11 13:52:07.977602'),
(737,	'News Corporation',	21.36,	22.04,	'NWS',	'News Corporation',	'2023-11-11 13:52:08.478320'),
(738,	'Tupperware Brands Corporation',	1.59,	1.66,	'TUP',	'Tupperware Brands Corporation',	'2023-11-11 13:52:09.026423'),
(739,	'Equinix, Inc.',	754.24,	768.04,	'EQIX',	'Equinix, Inc.',	'2023-11-11 13:52:09.569784'),
(740,	'China Green Agriculture, Inc.',	2.0101,	2.02,	'CGA',	'China Green Agriculture, Inc.',	'2023-11-11 13:52:10.599011'),
(741,	'Booking Holdings Inc. Common St',	3012.9788,	3080.385,	'BKNG',	'Booking Holdings Inc.',	'2023-11-11 13:52:11.318387'),
(742,	'O\'Reilly Automotive, Inc.',	977.67,	989.68,	'ORLY',	'O\'Reilly Automotive, Inc.',	'2023-11-11 13:52:12.026922'),
(743,	'Seagen Inc.',	212.75,	214.38,	'SGEN',	'Seagen Inc.',	'2023-11-11 13:52:12.575765'),
(744,	'BlackRock, Inc.',	653.876,	665.45,	'BLK',	'BlackRock, Inc.',	'2023-11-11 13:52:13.209267'),
(745,	'CME Group Inc.',	215.425,	217.33,	'CME',	'CME Group Inc.',	'2023-11-11 13:52:14.331020'),
(746,	'Illumina, Inc.',	89.01,	98.56,	'ILMN',	'Illumina, Inc.',	'2023-11-11 13:52:14.803732'),
(747,	'J.B. Hunt Transport Services, I',	171.445,	174.24,	'JBHT',	'J.B. Hunt Transport Services, Inc.',	'2023-11-11 13:52:15.338812'),
(748,	'Loews Corporation',	65.24,	65.91,	'L',	'Loews Corporation',	'2023-11-11 13:52:15.892008'),
(749,	'Rogers Communication, Inc.',	41.15,	42.269,	'RCI',	'Rogers Communications Inc.',	'2023-11-11 13:52:16.943513'),
(750,	'Urban Outfitters, Inc.',	34.52,	35.5,	'URBN',	'Urban Outfitters, Inc.',	'2023-11-11 13:52:17.543438'),
(751,	'E.W. Scripps Company (The)',	6.59,	7.01,	'SSP',	'The E.W. Scripps Company',	'2023-11-11 13:52:18.170973'),
(752,	'Oshkosh Corporation (Holding Co',	90.56,	93.11,	'OSK',	'Oshkosh Corporation',	'2023-11-11 13:52:18.769268'),
(753,	'NextEra Energy, Inc.',	54.51,	55.365,	'NEE',	'NextEra Energy, Inc.',	'2023-11-11 13:52:19.515802'),
(754,	'304800',	17.94,	18.138,	'CEF',	'Sprott Physical Gold and Silver Trust',	'2023-11-11 13:52:20.088032'),
(755,	'First Solar, Inc.',	129.215,	134.22,	'FSLR',	'First Solar, Inc.',	'2023-11-11 13:52:20.700899'),
(756,	'MAKITA CORP SPON ADR EACH REP 1',	24.62,	25.66,	'MKTAY',	'Makita Corporation',	'2023-11-11 13:52:21.784171'),
(757,	'MITSUI & CO SPON ADR EACH REP 2',	738.86,	766,	'MITSY',	'Mitsui & Co., Ltd.',	'2023-11-11 13:52:22.338413'),
(758,	'WPF HOLDINGS INC',	17,	17,	'WPFH',	'WPF Holdings, Inc.',	'2023-11-11 13:52:22.905506'),
(759,	'POLYMETAL INTL PLC',	3.09,	3.09,	'POYYF',	'Polymetal International plc',	'2023-11-11 13:52:23.458183'),
(760,	'F5, Inc.',	155.975,	159.07,	'FFIV',	'F5, Inc.',	'2023-11-11 13:52:24.017437'),
(761,	'Edwards Lifesciences Corporatio',	63.88,	65.1,	'EW',	'Edwards Lifesciences Corporation',	'2023-11-11 13:52:24.612752'),
(762,	'News Corporation',	20.52,	21.38,	'NWSA',	'News Corporation',	'2023-11-11 13:52:25.234664'),
(763,	'Amphenol Corporation',	85.1,	86.715,	'APH',	'Amphenol Corporation',	'2023-11-11 13:52:26.279252'),
(764,	'CarMax Inc',	61.73,	63.42,	'KMX',	'CarMax, Inc.',	'2023-11-11 13:52:27.983152'),
(765,	'Chipotle Mexican Grill, Inc.',	2095.92,	2122.12,	'CMG',	'Chipotle Mexican Grill, Inc.',	'2023-11-11 13:52:28.544381'),
(766,	'DaVita Inc.',	82.79,	85.58,	'DVA',	'DaVita Inc.',	'2023-11-11 13:52:29.067703'),
(767,	'Adtalem Global Education Inc.',	54.31,	55.73,	'ATGE',	'Adtalem Global Education Inc.',	'2023-11-11 13:52:29.620578'),
(768,	'EQT Corporation',	38.62,	39.9,	'EQT',	'EQT Corporation',	'2023-11-11 13:52:30.280909'),
(769,	'FMC Corporation',	49.49,	51.577,	'FMC',	'FMC Corporation',	'2023-11-11 13:52:31.041808'),
(770,	'TechnipFMC plc',	21.22,	21.67,	'FTI',	'TechnipFMC plc',	'2023-11-11 13:52:31.566161'),
(771,	'Flowserve Corporation',	37,	37.75,	'FLS',	'Flowserve Corporation',	'2023-11-11 13:52:32.105413'),
(772,	'GameStop Corporation',	12.35,	12.97,	'GME',	'GameStop Corp.',	'2023-11-11 13:52:32.667930'),
(773,	'L3Harris Technologies, Inc.',	180.125,	182.58,	'LHX',	'L3Harris Technologies, Inc.',	'2023-11-11 13:52:33.266543'),
(774,	'Healthpeak Properties, Inc.',	15.59,	16.01,	'PEAK',	'Healthpeak Properties, Inc.',	'2023-11-11 13:52:33.788260'),
(775,	'Welltower Inc.',	84.94,	86.175,	'WELL',	'Welltower Inc.',	'2023-11-11 13:52:34.341148'),
(776,	'Helmerich & Payne, Inc.',	37.3724,	38.41,	'HP',	'Helmerich & Payne, Inc.',	'2023-11-11 13:52:34.932435'),
(777,	'Hormel Foods Corporation',	32.315,	32.64,	'HRL',	'Hormel Foods Corporation',	'2023-11-11 13:52:35.496244'),
(778,	'Invesco Ltd',	12.68,	13.13,	'IVZ',	'Invesco Ltd.',	'2023-11-11 13:52:36.081772'),
(779,	'Iron Mountain Incorporated (Del',	58.92,	59.51,	'IRM',	'Iron Mountain Incorporated',	'2023-11-11 13:52:36.597600'),
(780,	'Eversource Energy (D/B/A)',	53.625,	54.75,	'ES',	'Eversource Energy',	'2023-11-11 13:52:37.224161'),
(781,	'NRG Energy, Inc.',	45.09,	45.64,	'NRG',	'NRG Energy, Inc.',	'2023-11-11 13:52:37.796693'),
(782,	'ONEOK, Inc.',	64.11,	64.94,	'OKE',	'ONEOK, Inc.',	'2023-11-11 13:52:38.489425'),
(783,	'O-I Glass, Inc.',	14.33,	14.67,	'OI',	'O-I Glass, Inc.',	'2023-11-11 13:52:39.125842'),
(784,	'Pioneer Natural Resources Compa',	231.7122,	235.33,	'PXD',	'Pioneer Natural Resources Company',	'2023-11-11 13:52:39.714752'),
(785,	'Republic Services, Inc.',	156.18,	157.89,	'RSG',	'Republic Services, Inc.',	'2023-11-11 13:52:40.790219'),
(786,	'Roper Technologies, Inc.',	510.3,	518.57,	'ROP',	'Roper Technologies, Inc.',	'2023-11-11 13:52:41.327503'),
(787,	'Ventas, Inc.',	41.93,	42.66,	'VTR',	'Ventas, Inc.',	'2023-11-11 13:52:41.839588'),
(788,	'WEC Energy Group, Inc.',	79.45,	80.4,	'WEC',	'WEC Energy Group, Inc.',	'2023-11-11 13:52:42.368359'),
(789,	'Barrick Gold Corporation',	15.01,	15.23,	'GOLD',	'Barrick Gold Corporation',	'2023-11-11 13:52:43.462050'),
(790,	'Agnico Eagle Mines Limited',	46.58,	47.13,	'AEM',	'Agnico Eagle Mines Limited',	'2023-11-11 13:52:44.082907'),
(791,	'Autoliv, Inc.',	94.68,	96.66,	'ALV',	'Autoliv, Inc.',	'2023-11-11 13:52:44.657281'),
(792,	'Blackstone Inc.',	96.15,	98.71,	'BX',	'Blackstone Inc.',	'2023-11-11 13:52:45.337171'),
(793,	'Chimera Investment Corporation',	4.66,	4.74,	'CIM',	'Chimera Investment Corporation',	'2023-11-11 13:52:45.865422'),
(794,	'Cohen & Steers Inc',	51.61,	53.07,	'CNS',	'Cohen & Steers, Inc.',	'2023-11-11 13:52:46.402120'),
(795,	'3D Systems Corporation',	4.06,	4.24,	'DDD',	'3D Systems Corporation',	'2023-11-11 13:52:47.392798'),
(796,	'Lazard LTD. Lazard, LTD.',	26.31,	28,	'LAZ',	'Lazard Ltd',	'2023-11-11 13:52:47.992649'),
(797,	'Magna International, Inc.',	51.795,	52.86,	'MGA',	'Magna International Inc.',	'2023-11-11 13:52:48.523620'),
(798,	'Marathon Petroleum Corporation',	142.545,	145.42,	'MPC',	'Marathon Petroleum Corporation',	'2023-11-11 13:52:49.046874'),
(799,	'Nustar Energy L.P.',	17.0101,	17.49,	'NS',	'NuStar Energy L.P.',	'2023-11-11 13:52:49.647489'),
(800,	'Overseas Shipholding Group, Inc',	4.85,	5.06,	'OSG',	'Overseas Shipholding Group, Inc.',	'2023-11-11 13:52:50.127106'),
(801,	'RPC, Inc.',	7.24,	7.42,	'RES',	'RPC, Inc.',	'2023-11-11 13:52:50.661834'),
(802,	'Southern Copper Corporation',	68.9337,	70.729,	'SCCO',	'Southern Copper Corporation',	'2023-11-11 13:52:51.244535'),
(803,	'SandRidge Energy, Inc.',	14.025,	14.44,	'SD',	'SandRidge Energy, Inc.',	'2023-11-11 13:52:51.884342'),
(804,	'Titan International, Inc. (DE)',	12.41,	12.73,	'TWI',	'Titan International, Inc.',	'2023-11-11 13:52:52.426395'),
(805,	'Under Armour, Inc.',	7.13,	7.41,	'UAA',	'Under Armour, Inc.',	'2023-11-11 13:52:52.927169'),
(806,	'Bausch Health Companies Inc.',	6.7,	6.87,	'BHC',	'Bausch Health Companies Inc.',	'2023-11-11 13:52:53.465831'),
(807,	'ADTRAN Holdings, Inc.',	4.91,	5.47,	'ADTN',	'ADTRAN Holdings, Inc.',	'2023-11-11 13:52:54.478973'),
(808,	'Advanced Energy Industries, Inc',	85.3,	89.58,	'AEIS',	'Advanced Energy Industries, Inc.',	'2023-11-11 13:52:55.002703'),
(809,	'AirNet Technology Inc.',	0.72,	0.75,	'ANTE',	'AirNet Technology Inc.',	'2023-11-11 13:52:55.544694'),
(810,	'Broadcom Inc.',	918.21,	958.95,	'AVGO',	'Broadcom Inc.',	'2023-11-11 13:52:56.638746'),
(811,	'Cirrus Logic, Inc.',	70,	73.79,	'CRUS',	'Cirrus Logic, Inc.',	'2023-11-11 13:52:58.441140'),
(812,	'Entegris, Inc.',	90.6525,	95.93,	'ENTG',	'Entegris, Inc.',	'2023-11-11 13:52:59.680138'),
(813,	'The Hain Celestial Group, Inc.',	10.985,	11.62,	'HAIN',	'The Hain Celestial Group, Inc.',	'2023-11-11 13:53:00.165214'),
(814,	'INTERNET INITIATIVE JAPAN INC S',	34.734,	34.734,	'IIJIY',	'Internet Initiative Japan Inc.',	'2023-11-11 13:53:00.893573'),
(815,	'IPG Photonics Corporation',	88.915,	91.0601,	'IPGP',	'IPG Photonics Corporation',	'2023-11-11 13:53:01.417380'),
(816,	'Ionis Pharmaceuticals, Inc.',	45.735,	47.7399,	'IONS',	'Ionis Pharmaceuticals, Inc.',	'2023-11-11 13:53:01.988803'),
(817,	'Itron, Inc.',	62.45,	63.47,	'ITRI',	'Itron, Inc.',	'2023-11-11 13:53:02.544988'),
(818,	'MERRIMAN HOLDINGS INC',	0.0002,	0.0002,	'MERR',	'Merriman Holdings, Inc.',	'2023-11-11 13:53:03.507946'),
(819,	'Motorcar Parts of America, Inc.',	8.02,	8.52,	'MPAA',	'Motorcar Parts of America, Inc.',	'2023-11-11 13:53:04.028227'),
(820,	'NXP Semiconductors N.V.',	180.73,	187.82,	'NXPI',	'NXP Semiconductors N.V.',	'2023-11-11 13:53:05.153528'),
(821,	'QuickLogic Corporation',	9.3644,	9.88,	'QUIK',	'QuickLogic Corporation',	'2023-11-11 13:53:05.699767'),
(822,	'Radware Ltd.',	14.93,	15.51,	'RDWR',	'Radware Ltd.',	'2023-11-11 13:53:06.207810'),
(823,	'Royal Gold, Inc.',	105,	107.265,	'RGLD',	'Royal Gold, Inc.',	'2023-11-11 13:53:06.773892'),
(824,	'Tesla, Inc.',	205.69,	215.38,	'TSLA',	'Tesla, Inc.',	'2023-11-11 13:53:07.429607'),
(825,	'Take-Two Interactive Software,',	145.1,	149.07,	'TTWO',	'Take-Two Interactive Software, Inc.',	'2023-11-11 13:53:08.104593'),
(826,	'WACOAL HOLDINGS CORP SPON ADR E',	109.4,	109.4,	'WACLY',	'Wacoal Holdings Corp.',	'2023-11-11 13:53:08.659255'),
(827,	'Yandex N.V.',	17.83,	24.05,	'YNDX',	'Yandex N.V.',	'2023-11-11 13:53:09.215658'),
(828,	'NEW ZEALAND OIL & GAS',	0.25,	0.25,	'NZEOF',	'New Zealand Oil & Gas Limited',	'2023-11-11 13:53:09.802146'),
(829,	'CBB BANCORP INC',	9.8,	9.8,	'CBBI',	'CBB Bancorp, Inc.',	'2023-11-11 13:53:10.278681'),
(830,	'REGIS RESOURCES LTD',	1.11,	1.11,	'RGRNF',	'Regis Resources Limited',	'2023-11-11 13:53:10.855525'),
(831,	'Dollar Tree, Inc.',	112.49,	114.11,	'DLTR',	'Dollar Tree, Inc.',	'2023-11-11 13:53:11.487753'),
(832,	'ENGIE',	15.9,	16.61,	'ENGQF',	'Engie SA',	'2023-11-11 13:53:12.592420'),
(833,	'Atlantic American Corporation',	1.55,	1.71,	'AAME',	'Atlantic American Corporation',	'2023-11-11 13:53:13.097658'),
(834,	'AAON, Inc.',	57.37,	58.98,	'AAON',	'AAON, Inc.',	'2023-11-11 13:53:13.563267'),
(835,	'Ameris Bancorp',	38.705,	39.745,	'ABCB',	'Ameris Bancorp',	'2023-11-11 13:53:14.424467'),
(836,	'ArcBest Corporation',	114.45,	116.9,	'ARCB',	'ArcBest Corporation',	'2023-11-11 13:53:14.953647'),
(837,	'ARCA biopharma, Inc.',	1.76,	1.83,	'ABIO',	'ARCA biopharma, Inc.',	'2023-11-11 13:53:15.606511'),
(838,	'ABIOMED, Inc.',	380.545,	381.28,	'ABMD',	'Abiomed, Inc.',	'2023-11-11 13:53:16.198419'),
(839,	'ACADIA Pharmaceuticals Inc.',	21.58,	22.39,	'ACAD',	'ACADIA Pharmaceuticals Inc.',	'2023-11-11 13:53:17.259275'),
(840,	'ACORN ENERGY INC',	6.5,	6.7,	'ACFN',	'Acorn Energy, Inc.',	'2023-11-11 13:53:18.293566'),
(841,	'Acadia Healthcare Company, Inc.',	71.73,	73.705,	'ACHC',	'Acadia Healthcare Company, Inc.',	'2023-11-11 13:53:18.804357'),
(842,	'ACI Worldwide, Inc.',	25.68,	26.57,	'ACIW',	'ACI Worldwide, Inc.',	'2023-11-11 13:53:19.834701'),
(843,	'Axcelis Technologies, Inc.',	125.56,	132.318,	'ACLS',	'Axcelis Technologies, Inc.',	'2023-11-11 13:53:20.413337'),
(844,	'ACNB Corporation',	34.99,	35.3,	'ACNB',	'ACNB Corporation',	'2023-11-11 13:53:21.125218'),
(845,	'Acorda Therapeutics, Inc.',	9.57,	9.945,	'ACOR',	'Acorda Therapeutics, Inc.',	'2023-11-11 13:53:21.625441'),
(846,	'AcelRx Pharmaceuticals, Inc.',	0.4434,	0.48,	'ACRX',	'AcelRx Pharmaceuticals, Inc.',	'2023-11-11 13:53:22.134709'),
(847,	'Acacia Research Corporation',	3.545,	3.67,	'ACTG',	'Acacia Research Corporation',	'2023-11-11 13:53:22.667495'),
(848,	'ACURA PHARMACEUTICALS INC',	0.000001,	0.000001,	'ACUR',	'Acura Pharmaceuticals, Inc.',	'2023-11-11 13:53:23.157934'),
(849,	'LiveRamp Holdings, Inc.',	33.21,	35.618,	'RAMP',	'LiveRamp Holdings, Inc.',	'2023-11-11 13:53:23.663353'),
(850,	'Advanced Emissions Solutions, I',	1.9518,	2.1,	'ADES',	'Advanced Emissions Solutions, Inc.',	'2023-11-11 13:53:24.693649'),
(851,	'Addus HomeCare Corporation',	81.68,	83.12,	'ADUS',	'Addus HomeCare Corporation',	'2023-11-11 13:53:25.194040'),
(852,	'Aehr Test Systems',	23.29,	24.87,	'AEHR',	'Aehr Test Systems',	'2023-11-11 13:53:26.399519'),
(853,	'LINIU TECHNOLOGY GROUP',	0.0001,	0.0001,	'LINUF',	'LiNiu Technology Group',	'2023-11-11 13:53:27.028424'),
(854,	'Stabilis Solutions, Inc.',	4.41,	4.71,	'SLNG',	'Stabilis Solutions, Inc.',	'2023-11-11 13:53:27.556937'),
(855,	'ADDvantage Technologies Group,',	0.26,	0.28,	'AEY',	'ADDvantage Technologies Group, Inc.',	'2023-11-11 13:53:28.120870'),
(856,	'Aeterna Zentaris Inc.',	1.45,	1.53,	'AEZS',	'Aeterna Zentaris Inc.',	'2023-11-11 13:53:28.811491'),
(857,	'AMTRUST FINANCIAL SERVICES INC',	13.9,	13.9,	'AFSIM',	'AmTrust Financial Services, Inc.',	'2023-11-11 13:53:29.285312'),
(858,	'Agenus Inc.',	0.614,	0.7795,	'AGEN',	'Agenus Inc.',	'2023-11-11 13:53:29.803374'),
(859,	'Argo Group International Holdin',	29.82,	29.99,	'ARGO',	'Argo Group International Holdings, Ltd.',	'2023-11-11 13:53:30.952356'),
(860,	'AGNC Investment Corp.',	8.25,	8.42,	'AGNC',	'AGNC Investment Corp.',	'2023-11-11 13:53:31.493172'),
(861,	'Agilysys, Inc.',	83.2824,	86.83,	'AGYS',	'Agilysys, Inc.',	'2023-11-11 13:53:32.062751'),
(862,	'Air T, Inc.',	22.5501,	25.01,	'AIRT',	'Air T, Inc.',	'2023-11-11 13:53:33.524477'),
(863,	'Alico, Inc.',	25.01,	25.5,	'ALCO',	'Alico, Inc.',	'2023-11-11 13:53:34.601255'),
(864,	'Align Technology, Inc.',	186.01,	192.685,	'ALGN',	'Align Technology, Inc.',	'2023-11-11 13:53:35.210232'),
(865,	'Allegiant Travel Company',	54.87,	58.1,	'ALGT',	'Allegiant Travel Company',	'2023-11-11 13:53:35.773579'),
(866,	'Alimera Sciences, Inc.',	3.2,	3.42,	'ALIM',	'Alimera Sciences, Inc.',	'2023-11-11 13:53:36.312018'),
(867,	'Alkermes plc',	23.785,	24.84,	'ALKS',	'Alkermes plc',	'2023-11-11 13:53:36.841340'),
(868,	'Allot Ltd.',	1.46,	1.53,	'ALLT',	'Allot Ltd.',	'2023-11-11 13:53:37.411346'),
(869,	'Alnylam Pharmaceuticals, Inc.',	157.84,	166.55,	'ALNY',	'Alnylam Pharmaceuticals, Inc.',	'2023-11-11 13:53:37.939481'),
(870,	'AstroNova, Inc.',	13.7001,	13.9,	'ALOT',	'AstroNova, Inc.',	'2023-11-11 13:53:38.464011'),
(871,	'ANDATEE CHINA MARINE FUEL SVCS',	0.000001,	0.000001,	'AMCF',	'Andatee China Marine Fuel Services Corporation',	'2023-11-11 13:53:40.176654'),
(872,	'Amedisys Inc',	92.7808,	93.25,	'AMED',	'Amedisys, Inc.',	'2023-11-11 13:53:40.819921'),
(873,	'Amkor Technology, Inc.',	23.09,	24.01,	'AMKR',	'Amkor Technology, Inc.',	'2023-11-11 13:53:41.318114'),
(874,	'American National Bankshares, I',	39.43,	40.25,	'AMNB',	'American National Bankshares Inc.',	'2023-11-11 13:53:41.837746'),
(875,	'American Superconductor Corpora',	7.53,	7.99,	'AMSC',	'American Superconductor Corporation',	'2023-11-11 13:53:44.414226'),
(876,	'AMERISAFE, Inc.',	49.97,	50.66,	'AMSF',	'AMERISAFE, Inc.',	'2023-11-11 13:53:44.920537'),
(877,	'American Software, Inc.',	10.84,	11.0199,	'AMSWA',	'American Software, Inc.',	'2023-11-11 13:53:45.502320'),
(878,	'AMTD IDEA Group',	0.59,	0.633,	'AMTD',	'AMTD IDEA Group',	'2023-11-11 13:53:46.550999'),
(879,	'American Woodmark Corporation',	71.57,	73,	'AMWD',	'American Woodmark Corporation',	'2023-11-11 13:53:47.106035'),
(880,	'AMERICAN CARESOURC',	0.0001,	0.0001,	'GNOW',	'American Caresource Holdings, Inc.',	'2023-11-11 13:53:48.124802'),
(881,	'The Andersons, Inc.',	47.7,	49.99,	'ANDE',	'The Andersons, Inc.',	'2023-11-11 13:53:48.708994'),
(882,	'AngioDynamics, Inc.',	6.1,	6.29,	'ANGO',	'AngioDynamics, Inc.',	'2023-11-11 13:53:49.289576'),
(883,	'Anika Therapeutics Inc.',	19.895,	20.33,	'ANIK',	'Anika Therapeutics, Inc.',	'2023-11-11 13:53:49.793999'),
(884,	'ANSYS, Inc.',	284.06,	291.81,	'ANSS',	'ANSYS, Inc.',	'2023-11-11 13:53:50.389001'),
(885,	'ANTHERA PHARMACEUTICALS INC',	0.00001,	0.00001,	'ANTH',	'Anthera Pharmaceuticals, Inc.',	'2023-11-11 13:53:50.925284'),
(886,	'Alpha and Omega Semiconductor L',	20.03,	21.23,	'AOSL',	'Alpha and Omega Semiconductor Limited',	'2023-11-11 13:53:51.430707'),
(887,	'American Public Education, Inc.',	5.2201,	5.4944,	'APEI',	'American Public Education, Inc.',	'2023-11-11 13:53:52.000480'),
(888,	'Apogee Enterprises, Inc.',	43.7,	44.83,	'APOG',	'Apogee Enterprises, Inc.',	'2023-11-11 13:53:52.565541'),
(889,	'Riot Platforms, Inc.',	9.7,	10.49,	'RIOT',	'Riot Platforms, Inc.',	'2023-11-11 13:53:53.184006'),
(890,	'Seelos Therapeutics, Inc.',	0.14,	0.165,	'SEEL',	'Seelos Therapeutics, Inc.',	'2023-11-11 13:53:53.775545'),
(891,	'Asia Pacific Wire & Cable Corpo',	1.28,	1.4499,	'APWC',	'Asia Pacific Wire & Cable Corporation Limited',	'2023-11-11 13:53:54.688088'),
(892,	'Accuray Incorporated',	2.39,	2.5,	'ARAY',	'Accuray Incorporated',	'2023-11-11 13:53:55.147024'),
(893,	'JanOne Inc.',	0.4021,	0.5747,	'JAN',	'JanOne Inc.',	'2023-11-11 13:53:55.750916'),
(894,	'Gentherm Inc',	42.305,	44.16,	'THRM',	'Gentherm Incorporated',	'2023-11-11 13:53:57.607230'),
(895,	'Ark Restaurants Corp.',	14.9,	15.7,	'ARKR',	'Ark Restaurants Corp.',	'2023-11-11 13:53:58.146833'),
(896,	'Alliance Resource Partners, L.P',	21.53,	22.06,	'ARLP',	'Alliance Resource Partners, L.P.',	'2023-11-11 13:53:58.710165'),
(897,	'Arrow Financial Corporation',	23.11,	23.56,	'AROW',	'Arrow Financial Corporation',	'2023-11-11 13:53:59.250618'),
(898,	'Array Technologies, Inc.',	13.35,	14.41,	'ARRY',	'Array Technologies, Inc.',	'2023-11-11 13:54:00.281606'),
(899,	'Artesian Resources Corporation',	40.6,	41.38,	'ARTNA',	'Artesian Resources Corporation',	'2023-11-11 13:54:01.326484'),
(900,	'Art\'s-Way Manufacturing Co., In',	1.95,	2.095,	'ARTW',	'Art\'s-Way Manufacturing Co., Inc.',	'2023-11-11 13:54:01.939347'),
(901,	'Arrowhead Pharmaceuticals, Inc.',	26.245,	27.23,	'ARWR',	'Arrowhead Pharmaceuticals, Inc.',	'2023-11-11 13:54:02.893349'),
(902,	'Associated Banc-Corp',	16.735,	17.16,	'ASB',	'Associated Banc-Corp',	'2023-11-11 13:54:03.430195'),
(903,	'ASGN Incorporated',	84.85,	86.22,	'ASGN',	'ASGN Incorporated',	'2023-11-11 13:54:05.119185'),
(904,	'ASM INTERNATIONAL NV SPON ADR E',	460.8101,	472.9,	'ASMIY',	'ASM International NV',	'2023-11-11 13:54:05.673813'),
(905,	'ASML HOLDING NV',	630.33,	663.79,	'ASMLF',	'ASML Holding N.V.',	'2023-11-11 13:54:06.177526'),
(906,	'AmeriServ Financial Inc.',	2.52,	2.63,	'ASRV',	'AmeriServ Financial, Inc.',	'2023-11-11 13:54:07.367525'),
(907,	'Astrotech Corporation',	7.57,	8,	'ASTC',	'Astrotech Corporation',	'2023-11-11 13:54:08.017812'),
(908,	'Astec Industries, Inc.',	29.46,	31.27,	'ASTE',	'Astec Industries, Inc.',	'2023-11-11 13:54:08.540024'),
(909,	'Ascent Solar Technologies, Inc',	0.75,	0.8427,	'ASTI',	'Ascent Solar Technologies, Inc.',	'2023-11-11 13:54:09.068607'),
(910,	'Vericel Corporation',	32.68,	34.24,	'VCEL',	'Vericel Corporation',	'2023-11-11 13:54:09.531151'),
(911,	'Asure Software Inc',	8.122,	8.57,	'ASUR',	'Asure Software, Inc.',	'2023-11-11 13:54:09.974815'),
(912,	'Amtech Systems, Inc.',	7.05,	7.28,	'ASYS',	'Amtech Systems, Inc.',	'2023-11-11 13:54:10.584075'),
(913,	'ATA Creativity Global',	0.8549,	0.9492,	'AACG',	'ATA Creativity Global',	'2023-11-11 13:54:11.172330'),
(914,	'Alphatec Holdings, Inc.',	9.8908,	10.23,	'ATEC',	'Alphatec Holdings, Inc.',	'2023-11-11 13:54:12.628239'),
(915,	'Athersys, Inc.',	0.0227,	0.0295,	'ATHX',	'Athersys, Inc.',	'2023-11-11 13:54:13.311472'),
(916,	'Ames National Corporation',	17.58,	17.92,	'ATLO',	'Ames National Corporation',	'2023-11-11 13:54:13.823698'),
(917,	'ATN International, Inc.',	30.97,	32.58,	'ATNI',	'ATN International, Inc.',	'2023-11-11 13:54:14.368850'),
(918,	'AtriCure, Inc.',	34.265,	35.55,	'ATRC',	'AtriCure, Inc.',	'2023-11-11 13:54:14.810983'),
(919,	'Atrion Corporation',	308.7,	312.97,	'ATRI',	'Atrion Corporation',	'2023-11-11 13:54:15.367120'),
(920,	'Astronics Corporation',	14.11,	14.92,	'ATRO',	'Astronics Corporation',	'2023-11-11 13:54:16.512352'),
(921,	'Auburn National Bancorporation,',	20.26,	20.529,	'AUBN',	'Auburn National Bancorporation, Inc.',	'2023-11-11 13:54:17.056510'),
(922,	'AudioCodes Ltd.',	9.41,	9.855,	'AUDC',	'AudioCodes Ltd.',	'2023-11-11 13:54:17.580594'),
(923,	'AeroVironment, Inc.',	120.16,	122.92,	'AVAV',	'AeroVironment, Inc.',	'2023-11-11 13:54:18.200451'),
(924,	'Avid Technology, Inc.',	27.04,	27.04,	'AVID',	'Avid Technology, Inc.',	'2023-11-11 13:54:19.730400'),
(925,	'Sarepta Therapeutics, Inc.',	76.26,	79.66,	'SRPT',	'Sarepta Therapeutics, Inc.',	'2023-11-11 13:54:20.381934'),
(926,	'Aviat Networks, Inc.',	28.26,	29.58,	'AVNW',	'Aviat Networks, Inc.',	'2023-11-11 13:54:20.935188'),
(927,	'Aware, Inc.',	1.51,	1.58,	'AWRE',	'Aware, Inc.',	'2023-11-11 13:54:21.447776'),
(928,	'AXT Inc',	1.95,	2.09,	'AXTI',	'AXT, Inc.',	'2023-11-11 13:54:22.449294'),
(929,	'Banc of California, Inc.',	11.2,	11.6,	'BANC',	'Banc of California, Inc.',	'2023-11-11 13:54:23.610856'),
(930,	'BancFirst Corporation',	80.92,	82.5,	'BANF',	'BancFirst Corporation',	'2023-11-11 13:54:24.180196'),
(931,	'Banner Corporation',	42.03,	42.87,	'BANR',	'Banner Corporation',	'2023-11-11 13:54:24.772497'),
(932,	'Hope Bancorp, Inc.',	9.09,	9.24,	'HOPE',	'Hope Bancorp, Inc.',	'2023-11-11 13:54:26.316696'),
(933,	'Beasley Broadcast Group, Inc.',	0.73,	0.79,	'BBGI',	'Beasley Broadcast Group, Inc.',	'2023-11-11 13:54:26.825065'),
(934,	'Barrett Business Services, Inc.',	102.33,	105.785,	'BBSI',	'Barrett Business Services, Inc.',	'2023-11-11 13:54:27.299802'),
(935,	'BCB Bancorp, Inc. (NJ)',	10.4,	10.64,	'BCBP',	'BCB Bancorp, Inc.',	'2023-11-11 13:54:27.784411'),
(936,	'Balchem Corporation',	116.98,	118.94,	'BCPC',	'Balchem Corporation',	'2023-11-11 13:54:28.787792'),
(937,	'BioCryst Pharmaceuticals, Inc.',	4.825,	5.0899,	'BCRX',	'BioCryst Pharmaceuticals, Inc.',	'2023-11-11 13:54:29.361091'),
(938,	'Clarus Corporation',	4.77,	5.04,	'CLAR',	'Clarus Corporation',	'2023-11-11 13:54:29.812524'),
(939,	'BioDelivery Sciences Internatio',	5.59,	5.6,	'BDSI',	'BioDelivery Sciences International, Inc.',	'2023-11-11 13:54:30.874959'),
(940,	'Heartbeam, Inc.',	1.2,	1.3,	'BEAT',	'HeartBeam, Inc.',	'2023-11-11 13:54:31.445012'),
(941,	'bebe stores, inc.',	3.08,	3.16,	'BEBE',	'bebe stores, inc.',	'2023-11-11 13:54:32.281157'),
(942,	'Beacon Roofing Supply, Inc.',	73.5,	76.3,	'BECN',	'Beacon Roofing Supply, Inc.',	'2023-11-11 13:54:32.815819'),
(943,	'Bel Fuse Inc.',	51.14,	51.15,	'BELFA',	'Bel Fuse Inc.',	'2023-11-11 13:54:33.387132'),
(944,	'Bel Fuse Inc.',	50.11,	51.73,	'BELFB',	'Bel Fuse Inc.',	'2023-11-11 13:54:34.100214'),
(945,	'BankFinancial Corporation',	8.66,	8.8425,	'BFIN',	'BankFinancial Corporation',	'2023-11-11 13:54:35.217690'),
(946,	'Big 5 Sporting Goods Corporatio',	5.08,	5.2633,	'BGFV',	'Big 5 Sporting Goods Corporation',	'2023-11-11 13:54:36.282254'),
(947,	'BG MEDICINE INC',	0.0001,	0.0001,	'BGMD',	'BG Medicine, Inc.',	'2023-11-11 13:54:36.790487'),
(948,	'Berkshire Hills Bancorp, Inc.',	20.16,	20.52,	'BHLB',	'Berkshire Hills Bancorp, Inc.',	'2023-11-11 13:54:37.438517'),
(949,	'Green Brick Partners, Inc.',	43.46,	44.97,	'GRBK',	'Green Brick Partners, Inc.',	'2023-11-11 13:54:38.986648'),
(950,	'BJ\'s Restaurants, Inc.',	26.25,	27.25,	'BJRI',	'BJ\'s Restaurants, Inc.',	'2023-11-11 13:54:40.032770'),
(951,	'OAK RIDGE FINANCIAL SERVICES IN',	15,	15,	'BKOR',	'Oak Ridge Financial Services, Inc.',	'2023-11-11 13:54:40.967445'),
(952,	'Bank of South Carolina Corp.',	11.39,	11.86,	'BKSC',	'Bank of South Carolina Corporation',	'2023-11-11 13:54:41.513087'),
(953,	'Builders FirstSource, Inc.',	121.185,	125.25,	'BLDR',	'Builders FirstSource, Inc.',	'2023-11-11 13:54:42.131645'),
(954,	'Bridgeline Digital, Inc.',	0.7113,	0.779,	'BLIN',	'Bridgeline Digital, Inc.',	'2023-11-11 13:54:42.563482'),
(955,	'Blackbaud, Inc.',	72.2,	73.1299,	'BLKB',	'Blackbaud, Inc.',	'2023-11-11 13:54:43.071163'),
(956,	'BioLineRx Ltd.',	1.39,	1.5118,	'BLRX',	'BioLineRx Ltd.',	'2023-11-11 13:54:43.494578'),
(957,	'Biolase, Inc.',	1.07,	1.17,	'BIOL',	'BIOLASE, Inc.',	'2023-11-11 13:54:43.927378'),
(958,	'Bank of Marin Bancorp',	17.64,	18.46,	'BMRC',	'Bank of Marin Bancorp',	'2023-11-11 13:54:44.399043'),
(959,	'BioMarin Pharmaceutical Inc.',	82.94,	84.645,	'BMRN',	'BioMarin Pharmaceutical Inc.',	'2023-11-11 13:54:44.918116'),
(960,	'Axos Financial, Inc.',	36.1,	37.45,	'AX',	'Axos Financial, Inc.',	'2023-11-11 13:54:46.854138'),
(961,	'BOK Financial Corporation',	69.01,	70.62,	'BOKF',	'BOK Financial Corporation',	'2023-11-11 13:54:47.381366'),
(962,	'BONTON STORES',	0.0001,	0.0001,	'BONTQ',	'The Bon-Ton Stores, Inc.',	'2023-11-11 13:54:47.851585'),
(963,	'DMC Global Inc.',	15.88,	16.25,	'BOOM',	'DMC Global Inc.',	'2023-11-11 13:54:48.422515'),
(964,	'B.O.S. Better Online Solutions',	2.6,	2.7148,	'BOSC',	'B.O.S. Better Online Solutions Ltd.',	'2023-11-11 13:54:48.952883'),
(965,	'Bridgford Foods Corporation',	10.51,	10.74,	'BRID',	'Bridgford Foods Corporation',	'2023-11-11 13:54:50.738069'),
(966,	'Brookline Bancorp, Inc.',	8.39,	8.6,	'BRKL',	'Brookline Bancorp, Inc.',	'2023-11-11 13:54:51.353244'),
(967,	'Bassett Furniture Industries, I',	15.09,	15.83,	'BSET',	'Bassett Furniture Industries, Incorporated',	'2023-11-11 13:54:52.559231'),
(968,	'Biostar Pharmaceuticals, Inc.',	0.0001,	0.0001,	'BSPM',	'Biostar Pharmaceuticals, Inc.',	'2023-11-11 13:54:53.101832'),
(969,	'BSQUARE Corporation',	1.86,	1.87,	'BSQR',	'BSQUARE Corporation',	'2023-11-11 13:54:53.647952'),
(970,	'Sierra Bancorp',	17.69,	17.9,	'BSRR',	'Sierra Bancorp',	'2023-11-11 13:54:54.211011'),
(971,	'First Busey Corporation',	19.7,	19.96,	'BUSE',	'First Busey Corporation',	'2023-11-11 13:54:55.680698'),
(972,	'Broadwind, Inc.',	2.759,	2.87,	'BWEN',	'Broadwind, Inc.',	'2023-11-11 13:54:56.574579'),
(973,	'Broadway Financial Corporation',	5.71,	5.96,	'BYFC',	'Broadway Financial Corporation',	'2023-11-11 13:54:58.009696'),
(974,	'China Automotive Systems, Inc.',	3.32,	3.62,	'CAAS',	'China Automotive Systems, Inc.',	'2023-11-11 13:54:58.496910'),
(975,	'Camden National Corporation',	31.675,	32.44,	'CAC',	'Camden National Corporation',	'2023-11-11 13:54:58.957795'),
(976,	'Credit Acceptance Corporation',	407.275,	416.395,	'CACC',	'Credit Acceptance Corporation',	'2023-11-11 13:54:59.423321'),
(977,	'CACHE INC',	0.0001,	0.0001,	'CACH',	'Cache, Inc.',	'2023-11-11 13:54:59.891008'),
(978,	'The Cheesecake Factory Incorpor',	30.29,	30.8,	'CAKE',	'The Cheesecake Factory Incorporated',	'2023-11-11 13:55:00.766884'),
(979,	'Cal-Maine Foods, Inc.',	48.82,	49.95,	'CALM',	'Cal-Maine Foods, Inc.',	'2023-11-11 13:55:01.815951'),
(980,	'CalAmp Corp.',	0.29,	0.3199,	'CAMP',	'CalAmp Corp.',	'2023-11-11 13:55:02.534219'),
(981,	'Camtek Ltd.',	59.95,	65.09,	'CAMT',	'Camtek Ltd.',	'2023-11-11 13:55:03.157984'),
(982,	'Maplebear Inc.',	24.41,	26.34,	'CART',	'Instacart (Maplebear Inc.)',	'2023-11-11 13:55:04.507582'),
(983,	'Carver Bancorp, Inc.',	1.42,	1.5637,	'CARV',	'Carver Bancorp, Inc.',	'2023-11-11 13:55:05.192029'),
(984,	'Pathward Financial, Inc.',	46.94,	48.3,	'CASH',	'Pathward Financial, Inc.',	'2023-11-11 13:55:05.835345'),
(985,	'Cass Information Systems, Inc',	38.91,	39.62,	'CASS',	'Cass Information Systems, Inc.',	'2023-11-11 13:55:06.381763'),
(986,	'Caseys General Stores, Inc.',	275.22,	277.74,	'CASY',	'Casey\'s General Stores, Inc.',	'2023-11-11 13:55:06.949571'),
(987,	'Cathay General Bancorp',	34.37,	35.4,	'CATY',	'Cathay General Bancorp',	'2023-11-11 13:55:07.982207'),
(988,	'CBAK Energy Technology, Inc.',	0.792,	0.8599,	'CBAT',	'CBAK Energy Technology, Inc.',	'2023-11-11 13:55:08.924692'),
(989,	'Colony Bankcorp, Inc.',	9.9701,	10.13,	'CBAN',	'Colony Bankcorp, Inc.',	'2023-11-11 13:55:09.433082'),
(990,	'Cracker Barrel Old Country Stor',	64.07,	66.11,	'CBRL',	'Cracker Barrel Old Country Store, Inc.',	'2023-11-11 13:55:10.825853'),
(991,	'Commerce Bancshares, Inc.',	45.135,	45.9128,	'CBSH',	'Commerce Bancshares, Inc.',	'2023-11-11 13:55:11.397238'),
(992,	'Capital City Bank Group',	28.61,	28.94,	'CCBG',	'Capital City Bank Group, Inc.',	'2023-11-11 13:55:11.875902'),
(993,	'CNB Financial Corporation',	19.665,	19.99,	'CCNE',	'CNB Financial Corporation',	'2023-11-11 13:55:13.229945'),
(994,	'Cogent Communications Holdings,',	64.81,	67.4,	'CCOI',	'Cogent Communications Holdings, Inc.',	'2023-11-11 13:55:13.770743'),
(995,	'Cross Country Healthcare, Inc.',	17.73,	18.395,	'CCRN',	'Cross Country Healthcare, Inc.',	'2023-11-11 13:55:14.234480'),
(996,	'CCUR Holdings, Inc.',	3050,	3050,	'CCUR',	'CCUR Holdings, Inc.',	'2023-11-11 13:55:14.666201'),
(997,	'Codexis, Inc.',	1.51,	1.66,	'CDXS',	'Codexis, Inc.',	'2023-11-11 13:55:15.127351'),
(998,	'Cadiz, Inc.',	3.025,	3.135,	'CDZI',	'Cadiz Inc.',	'2023-11-11 13:55:15.656522'),
(999,	'CECO Environmental Corp.',	18.9374,	19.91,	'CECO',	'CECO Environmental Corp.',	'2023-11-11 13:55:16.621869'),
(1000,	'Central Garden & Pet Company',	42.825,	43.575,	'CENT',	'Central Garden & Pet Company',	'2023-11-11 13:55:17.125454'),
(1001,	'Central Garden & Pet Company',	38.72,	39.6575,	'CENTA',	'Central Garden & Pet Company',	'2023-11-11 13:55:17.585637'),
(1002,	'Cerus Corporation',	1.5,	1.61,	'CERS',	'Cerus Corporation',	'2023-11-11 13:55:18.465446'),
(1003,	'CEVA, Inc.',	19.1,	20.37,	'CEVA',	'CEVA, Inc.',	'2023-11-11 13:55:19.367946'),
(1004,	'CF Bankshares Inc.',	16.02,	16.58,	'CFBK',	'CF Bankshares Inc.',	'2023-11-11 13:55:19.856886'),
(1005,	'C&F Financial Corporation',	54.87,	55.51,	'CFFI',	'C&F Financial Corporation',	'2023-11-11 13:55:20.313985'),
(1006,	'Capitol Federal Financial, Inc.',	5.06,	5.2,	'CFFN',	'Capitol Federal Financial, Inc.',	'2023-11-11 13:55:20.897914'),
(1007,	'California First National Banco',	16.45,	16.45,	'CFNB',	'California First Leasing Corporation',	'2023-11-11 13:55:21.393171'),
(1008,	'Compugen Ltd.',	0.54,	0.58,	'CGEN',	'Compugen Ltd.',	'2023-11-11 13:55:22.327370'),
(1009,	'Cognex Corporation',	35.5,	36.405,	'CGNX',	'Cognex Corporation',	'2023-11-11 13:55:22.849904'),
(1010,	'Comstock Holding Companies, Inc',	4.12,	4.525,	'CHCI',	'Comstock Holding Companies, Inc.',	'2023-11-11 13:55:23.265491'),
(1011,	'City Holding Company',	93.25,	94.24,	'CHCO',	'City Holding Company',	'2023-11-11 13:55:23.724341'),
(1012,	'Churchill Downs, Incorporated',	115.5801,	119.06,	'CHDN',	'Churchill Downs Incorporated',	'2023-11-11 13:55:24.203145'),
(1013,	'The Chefs\' Warehouse, Inc.',	23.17,	24.16,	'CHEF',	'The Chefs\' Warehouse, Inc.',	'2023-11-11 13:55:24.671175'),
(1014,	'China Natural Resources, Inc.',	1.65,	1.7198,	'CHNR',	'China Natural Resources, Inc.',	'2023-11-11 13:55:25.502694'),
(1015,	'Coherus BioSciences, Inc.',	1.435,	1.63,	'CHRS',	'Coherus BioSciences, Inc.',	'2023-11-11 13:55:26.385201'),
(1016,	'Charter Communications, Inc.',	401.97,	409.86,	'CHTR',	'Charter Communications, Inc.',	'2023-11-11 13:55:26.859140'),
(1017,	'Fanhua Inc.',	6.75,	7.055,	'FANH',	'Fanhua Inc.',	'2023-11-11 13:55:27.756740'),
(1018,	'Citizens Holding Company',	9.91,	10,	'CIZN',	'Citizens Holding Company',	'2023-11-11 13:55:28.282280'),
(1019,	'China Jo-Jo Drugstores, Inc.',	0.2156,	0.23,	'CJJD',	'China Jo-Jo Drugstores, Inc.',	'2023-11-11 13:55:28.742721'),
(1020,	'Celldex Therapeutics, Inc.',	26.21,	27.29,	'CLDX',	'Celldex Therapeutics, Inc.',	'2023-11-11 13:55:29.623217'),
(1021,	'Clearfield, Inc.',	23.62,	27,	'CLFD',	'Clearfield, Inc.',	'2023-11-11 13:55:30.120904'),
(1022,	'Calumet Specialty Products Part',	14.5,	15.43,	'CLMT',	'Calumet Specialty Products Partners, L.P.',	'2023-11-11 13:55:30.573173'),
(1023,	'Clean Energy Fuels Corp.',	3.055,	3.46,	'CLNE',	'Clean Energy Fuels Corp.',	'2023-11-11 13:55:31.008563'),
(1024,	'SHARING ECONOMY INTERNATIONAL I',	0.0001,	0.0001,	'SEII',	'Sharing Economy International Inc.',	'2023-11-11 13:55:31.486765'),
(1025,	'ClearOne, Inc.',	0.6619,	0.6868,	'CLRO',	'ClearOne, Inc.',	'2023-11-11 13:55:31.987174'),
(1026,	'Euro Tech Holdings Company Limi',	1.4,	1.46,	'CLWT',	'Euro Tech Holdings Company Limited',	'2023-11-11 13:55:33.236034'),
(1027,	'Columbus McKinnon Corporation',	33.7291,	34.49,	'CMCO',	'Columbus McKinnon Corporation',	'2023-11-11 13:55:33.688960'),
(1028,	'Destination XL Group, Inc.',	4.27,	4.52,	'DXLG',	'Destination XL Group, Inc.',	'2023-11-11 13:55:34.097704'),
(1029,	'Comtech Telecommunications Corp',	11.54,	12.15,	'CMTL',	'Comtech Telecommunications Corp.',	'2023-11-11 13:55:34.576220'),
(1030,	'COMMERCIAL NATIONAL FIN CORP',	9.7,	9.7,	'CNAF',	'Commercial National Financial Corporation',	'2023-11-11 13:55:35.181679'),
(1031,	'Fortress Biotech, Inc.',	1.2494,	1.4,	'FBIO',	'Fortress Biotech, Inc.',	'2023-11-11 13:55:36.172862'),
(1032,	'ZW Data Action Technologies Inc',	0.861,	1.04,	'CNET',	'ZW Data Action Technologies Inc.',	'2023-11-11 13:55:36.638450'),
(1033,	'Taoping Inc.',	1.6501,	1.83,	'TAOP',	'Taoping Inc.',	'2023-11-11 13:55:37.069201'),
(1034,	'CONMED Corporation',	95.91,	98.77,	'CNMD',	'CONMED Corporation',	'2023-11-11 13:55:37.580381'),
(1035,	'Consolidated Communications Hol',	4.17,	4.25,	'CNSL',	'Consolidated Communications Holdings, Inc.',	'2023-11-11 13:55:38.008687');

DROP TABLE IF EXISTS `Carteira`;
CREATE TABLE `Carteira` (
  `id_carteira` int NOT NULL AUTO_INCREMENT,
  `nome_carteira` varchar(15) CHARACTER SET utf8mb4 COLLATE utf8mb4_0900_ai_ci NOT NULL,
  `valor_total_carteira` float DEFAULT NULL,
  `descricao_carteira` longtext NOT NULL,
  `id_portfolio` int NOT NULL,
  PRIMARY KEY (`id_carteira`),
  KEY `Carteira_id_portfolio_227a9611_fk_Portfolio_id_portfolio` (`id_portfolio`),
  CONSTRAINT `Carteira_id_portfolio_227a9611_fk_Portfolio_id_portfolio` FOREIGN KEY (`id_portfolio`) REFERENCES `Portfolio` (`id_portfolio`)
) ENGINE=InnoDB DEFAULT CHARSET=utf8mb4 COLLATE=utf8mb4_0900_ai_ci;

INSERT INTO `Carteira` (`id_carteira`, `nome_carteira`, `valor_total_carteira`, `descricao_carteira`, `id_portfolio`) VALUES
(10,	'sdfsdfsdfsdf',	45,	'sdfsdfsdf',	8),
(11,	'sdfsd',	234,	'sdfsdf',	9),
(14,	'Teste Dados',	14000,	'pegar valor total das carteiras',	3),
(17,	'Guilherme',	6495,	'Teste com dados',	1),
(18,	'Carteira 1',	10600,	'Teste',	1),
(19,	'Carteira 2',	5000,	'Teste',	1),
(20,	'doidao',	300,	'gostosuras',	11),
(21,	'eu estoy loko',	4000,	'asdasdasd',	12),
(22,	'gollll',	300,	'asdasd',	11),
(23,	'rfwefscd',	1000,	'sdfsdf',	12),
(24,	'asdasd',	0,	'asdasd',	12),
(25,	'asdasd',	4899,	'asdasd',	17),
(26,	'asdas',	1016,	'asdasd',	17),
(27,	'aadf',	4148,	'sdfsdf',	17),
(28,	'sdfsdf',	0,	'sdfsdf',	17),
(29,	'sdfsdf',	0,	'sfsdfsdf',	17),
(30,	'sdf',	49608,	'sdfs',	17),
(32,	'hgjgh',	0,	'ghjg',	14),
(33,	'ggggggggggggggg',	7452,	'sddddddddddd',	17),
(35,	'fewc',	1,	'11',	10),
(36,	'Gui',	4600,	'Lembrei',	18);

DROP TABLE IF EXISTS `Carteira_Acao`;
CREATE TABLE `Carteira_Acao` (
  `id_carteira_acao` int NOT NULL AUTO_INCREMENT,
  `lote_acao` int NOT NULL,
  `data_insercao` datetime(6) NOT NULL,
  `cotacao` float NOT NULL,
  `data_compra` date NOT NULL,
  `id_acao` int NOT NULL,
  `id_carteira` int NOT NULL,
  PRIMARY KEY (`id_carteira_acao`),
  KEY `Carteira_Acao_id_acao_2530e973_fk_Acao_id_acao` (`id_acao`),
  KEY `Carteira_Acao_id_carteira_7d316eb8_fk_Carteira_id_carteira` (`id_carteira`),
  CONSTRAINT `Carteira_Acao_id_acao_2530e973_fk_Acao_id_acao` FOREIGN KEY (`id_acao`) REFERENCES `Acao` (`id_acao`),
  CONSTRAINT `Carteira_Acao_id_carteira_7d316eb8_fk_Carteira_id_carteira` FOREIGN KEY (`id_carteira`) REFERENCES `Carteira` (`id_carteira`)
) ENGINE=InnoDB DEFAULT CHARSET=utf8mb4 COLLATE=utf8mb4_0900_ai_ci;

INSERT INTO `Carteira_Acao` (`id_carteira_acao`, `lote_acao`, `data_insercao`, `cotacao`, `data_compra`, `id_acao`, `id_carteira`) VALUES
(17,	23,	'2023-11-16 23:47:54.716361',	2323,	'2023-11-20',	371,	11),
(18,	123,	'2023-11-17 01:07:42.291875',	123,	'2023-12-06',	1,	11),
(34,	10,	'2023-11-25 15:56:30.977316',	600,	'2023-02-19',	2,	14),
(35,	10,	'2023-11-25 20:59:25.002052',	10,	'2022-10-03',	611,	17),
(37,	3,	'2023-11-25 22:27:55.160273',	1112,	'2023-02-02',	2,	17),
(39,	10,	'2023-11-25 23:03:05.478369',	500,	'2023-03-03',	10,	18),
(40,	30,	'2023-11-25 23:12:32.264418',	20,	'2023-06-02',	36,	18),
(41,	500,	'2023-11-25 23:44:21.208757',	10,	'2023-12-20',	54,	18),
(42,	200,	'2023-11-26 00:22:38.324812',	10,	'2023-12-22',	84,	14),
(43,	200,	'2023-11-26 00:26:20.458596',	10,	'2023-06-20',	13,	14),
(44,	400,	'2023-11-26 12:29:13.217389',	10,	'2023-01-02',	41,	14),
(45,	500,	'2023-11-28 00:21:33.559432',	10,	'2023-04-05',	30,	19),
(46,	30,	'2023-11-28 01:44:21.456750',	10,	'2023-02-03',	18,	20),
(47,	400,	'2023-11-28 01:47:07.209768',	10,	'2003-03-15',	7,	21),
(48,	100,	'2023-11-28 01:51:21.146577',	10,	'2023-03-20',	36,	23),
(49,	30,	'2023-11-28 01:51:49.748166',	10,	'2003-03-12',	3,	22),
(50,	213,	'2023-11-30 00:46:10.304260',	23,	'2023-06-23',	7,	25),
(51,	34,	'2023-11-30 03:54:12.455553',	23,	'2023-07-23',	30,	26),
(52,	234,	'2023-11-30 03:54:29.061279',	1,	'2023-03-20',	15,	26),
(55,	234,	'2023-11-30 04:50:54.106279',	212,	'2023-07-23',	7,	30),
(56,	122,	'2023-11-30 04:52:30.974003',	34,	'2023-07-23',	44,	27),
(57,	324,	'2023-11-30 05:03:36.735985',	23,	'2023-03-20',	86,	33),
(59,	1,	'2023-12-01 16:54:50.036268',	1,	'2023-07-23',	300,	35),
(60,	23,	'2023-12-05 02:19:10.285681',	200,	'2023-02-02',	426,	36);

DROP TABLE IF EXISTS `Portfolio`;
CREATE TABLE `Portfolio` (
  `id_portfolio` int NOT NULL AUTO_INCREMENT,
  `nome_portfolio` varchar(255) NOT NULL,
  `descricao_portfolio` longtext NOT NULL,
  `id_usuario` int NOT NULL,
  PRIMARY KEY (`id_portfolio`),
  KEY `Portfolio_id_usuario_2191cee7_fk_Usuario_id` (`id_usuario`),
  CONSTRAINT `Portfolio_id_usuario_2191cee7_fk_Usuario_id` FOREIGN KEY (`id_usuario`) REFERENCES `Usuario` (`id`)
) ENGINE=InnoDB DEFAULT CHARSET=utf8mb4 COLLATE=utf8mb4_0900_ai_ci;

INSERT INTO `Portfolio` (`id_portfolio`, `nome_portfolio`, `descricao_portfolio`, `id_usuario`) VALUES
(1,	'Guilherme Teste',	'Carteira para Ações X',	1),
(3,	'Portfolio 2',	'teste 2',	1),
(4,	'Arthur_Teste',	'Carteira para ações Y',	1),
(5,	'Portfolio 3',	'Teste portfolio',	1),
(6,	'Portfolio 1',	'Teste de portfolio',	1),
(8,	'usoidoivsdoivhnsdvdfv',	'fdvdfvdfvdf',	6),
(9,	'gsdg',	'sdfsdff',	7),
(10,	'Portfolio 4',	'Teste 4',	1),
(11,	'maluquinho',	'travessurassdfsdf',	8),
(12,	'Fala meu doido',	'tranquilesco??????????',	8),
(14,	'jhkghjk',	'hjkhjk',	8),
(15,	'sda',	'asdasd',	8),
(16,	'asdasd',	'asdasdas',	8),
(17,	'hhhhhhhhhhhhhhhhh',	'hhhhhhhhhhhhhhhhhhh',	8),
(18,	'guilao',	'asdas',	1),
(19,	'ghfgh',	'fghfg',	1);

DROP TABLE IF EXISTS `Usuario`;
CREATE TABLE `Usuario` (
  `id` int NOT NULL AUTO_INCREMENT,
  `password` varchar(128) NOT NULL,
  `last_login` datetime(6) DEFAULT NULL,
  `is_superuser` tinyint(1) NOT NULL,
  `username` varchar(150) NOT NULL,
  `first_name` varchar(150) NOT NULL,
  `last_name` varchar(150) NOT NULL,
  `is_staff` tinyint(1) NOT NULL,
  `is_active` tinyint(1) NOT NULL,
  `date_joined` datetime(6) NOT NULL,
  `email` varchar(100) NOT NULL,
  `endereco` varchar(255) NOT NULL,
  `data_nascimento` date NOT NULL,
  PRIMARY KEY (`id`),
  UNIQUE KEY `email` (`email`)
) ENGINE=InnoDB DEFAULT CHARSET=utf8mb4 COLLATE=utf8mb4_0900_ai_ci;

INSERT INTO `Usuario` (`id`, `password`, `last_login`, `is_superuser`, `username`, `first_name`, `last_name`, `is_staff`, `is_active`, `date_joined`, `email`, `endereco`, `data_nascimento`) VALUES
(1,	'pbkdf2_sha256$600000$xQqwu84RYCrJXKXabK86uc$cS95YQF61EkyotCLKKi9piAqFvcG64rGU0Ba7R4LF4U=',	'2024-01-02 18:57:44.732840',	1,	'Guilherme',	'',	'',	1,	1,	'2023-11-07 05:25:00.073643',	'gui@gmail.com',	'Rua das ruas',	'2023-11-22'),
(2,	'pbkdf2_sha256$600000$lyau1af3ZMRCAIENF9amwO$dNz3HnYMxTOAO845iGJ9M29U5SkfoF/EYt0oPPxhR3A=',	'2023-11-11 19:36:46.177152',	0,	'arthur',	'',	'',	0,	1,	'2023-11-07 05:45:18.655629',	'art@gmail.com',	'Rua Osvakdo',	'2000-06-17'),
(3,	'pbkdf2_sha256$600000$3bepmxVpAomnx4bpZPx6mE$UiML2iF2S/cpOjgGHVKaCVicBLuLGVT9YP4Y/HyngY4=',	NULL,	0,	'guila',	'',	'',	0,	1,	'2023-11-15 02:48:07.240385',	'guila@gmail.com',	'dsdfgs',	'2023-12-04'),
(4,	'pbkdf2_sha256$600000$LXGwjzkmle5ze8UeZF0Tsb$LO7KniadxAruJ6pReHhHfJ9D/ZBByVNZf5rh+qMpASs=',	NULL,	0,	'dfigu',	'',	'',	0,	1,	'2023-11-15 03:02:31.869649',	'dofipo@sddfg',	'sdf',	'2023-12-07'),
(6,	'pbkdf2_sha256$216000$GzZWu9bGHAT6$i6acSC++ra4fESCcH+JY07LiVk2HspqUQupFEuhbXNY=',	'2023-12-05 01:35:37.495757',	0,	'Guilherme',	'',	'',	0,	1,	'2023-11-15 16:49:30.711681',	'gui.dev.oliveira@gmail.com',	'adssvr',	'2023-11-28'),
(7,	'pbkdf2_sha256$600000$EhbEQsHVw6W0mseq2RFxiB$D8SQGPM3j0CLOo1lTXrlz54cVqlvI3lHUr2hLDyb0PE=',	'2023-11-16 23:47:16.547050',	0,	'Guilherme',	'',	'',	0,	1,	'2023-11-16 23:46:23.161020',	'guilherme@gmail.com',	'dafadfsd',	'2023-11-28'),
(8,	'pbkdf2_sha256$216000$3igX59vh1tFQ$V8z88h/7pzeGLZfRXHBaD4DMu+eZ/RbX8LuY3PruEI4=',	'2023-11-30 17:22:48.071212',	0,	'Maluco',	'',	'',	0,	1,	'2023-11-28 01:37:43.903783',	'maluco@gmail.com',	'Rua do Doido',	'2003-03-15');

DROP TABLE IF EXISTS `Usuario_groups`;
CREATE TABLE `Usuario_groups` (
  `id` int NOT NULL AUTO_INCREMENT,
  `usuario_id` int NOT NULL,
  `group_id` int NOT NULL,
  PRIMARY KEY (`id`),
  UNIQUE KEY `Usuario_groups_usuario_id_group_id_066ea720_uniq` (`usuario_id`,`group_id`),
  KEY `Usuario_groups_group_id_41c3a916_fk_auth_group_id` (`group_id`),
  CONSTRAINT `Usuario_groups_group_id_41c3a916_fk_auth_group_id` FOREIGN KEY (`group_id`) REFERENCES `auth_group` (`id`),
  CONSTRAINT `Usuario_groups_usuario_id_48f41311_fk_Usuario_id` FOREIGN KEY (`usuario_id`) REFERENCES `Usuario` (`id`)
) ENGINE=InnoDB DEFAULT CHARSET=utf8mb4 COLLATE=utf8mb4_0900_ai_ci;


DROP TABLE IF EXISTS `Usuario_user_permissions`;
CREATE TABLE `Usuario_user_permissions` (
  `id` int NOT NULL AUTO_INCREMENT,
  `usuario_id` int NOT NULL,
  `permission_id` int NOT NULL,
  PRIMARY KEY (`id`),
  UNIQUE KEY `Usuario_user_permissions_usuario_id_permission_id_214e1f37_uniq` (`usuario_id`,`permission_id`),
  KEY `Usuario_user_permiss_permission_id_614dc495_fk_auth_perm` (`permission_id`),
  CONSTRAINT `Usuario_user_permiss_permission_id_614dc495_fk_auth_perm` FOREIGN KEY (`permission_id`) REFERENCES `auth_permission` (`id`),
  CONSTRAINT `Usuario_user_permissions_usuario_id_a4d95b6f_fk_Usuario_id` FOREIGN KEY (`usuario_id`) REFERENCES `Usuario` (`id`)
) ENGINE=InnoDB DEFAULT CHARSET=utf8mb4 COLLATE=utf8mb4_0900_ai_ci;


DROP TABLE IF EXISTS `auth_group`;
CREATE TABLE `auth_group` (
  `id` int NOT NULL AUTO_INCREMENT,
  `name` varchar(150) NOT NULL,
  PRIMARY KEY (`id`),
  UNIQUE KEY `name` (`name`)
) ENGINE=InnoDB DEFAULT CHARSET=utf8mb4 COLLATE=utf8mb4_0900_ai_ci;


DROP TABLE IF EXISTS `auth_group_permissions`;
CREATE TABLE `auth_group_permissions` (
  `id` int NOT NULL AUTO_INCREMENT,
  `group_id` int NOT NULL,
  `permission_id` int NOT NULL,
  PRIMARY KEY (`id`),
  UNIQUE KEY `auth_group_permissions_group_id_permission_id_0cd325b0_uniq` (`group_id`,`permission_id`),
  KEY `auth_group_permissio_permission_id_84c5c92e_fk_auth_perm` (`permission_id`),
  CONSTRAINT `auth_group_permissio_permission_id_84c5c92e_fk_auth_perm` FOREIGN KEY (`permission_id`) REFERENCES `auth_permission` (`id`),
  CONSTRAINT `auth_group_permissions_group_id_b120cbf9_fk_auth_group_id` FOREIGN KEY (`group_id`) REFERENCES `auth_group` (`id`)
) ENGINE=InnoDB DEFAULT CHARSET=utf8mb4 COLLATE=utf8mb4_0900_ai_ci;


DROP TABLE IF EXISTS `auth_permission`;
CREATE TABLE `auth_permission` (
  `id` int NOT NULL AUTO_INCREMENT,
  `name` varchar(255) NOT NULL,
  `content_type_id` int NOT NULL,
  `codename` varchar(100) NOT NULL,
  PRIMARY KEY (`id`),
  UNIQUE KEY `auth_permission_content_type_id_codename_01ab375a_uniq` (`content_type_id`,`codename`),
  CONSTRAINT `auth_permission_content_type_id_2f476e4b_fk_django_co` FOREIGN KEY (`content_type_id`) REFERENCES `django_content_type` (`id`)
) ENGINE=InnoDB DEFAULT CHARSET=utf8mb4 COLLATE=utf8mb4_0900_ai_ci;

INSERT INTO `auth_permission` (`id`, `name`, `content_type_id`, `codename`) VALUES
(1,	'Can add log entry',	1,	'add_logentry'),
(2,	'Can change log entry',	1,	'change_logentry'),
(3,	'Can delete log entry',	1,	'delete_logentry'),
(4,	'Can view log entry',	1,	'view_logentry'),
(5,	'Can add permission',	2,	'add_permission'),
(6,	'Can change permission',	2,	'change_permission'),
(7,	'Can delete permission',	2,	'delete_permission'),
(8,	'Can view permission',	2,	'view_permission'),
(9,	'Can add group',	3,	'add_group'),
(10,	'Can change group',	3,	'change_group'),
(11,	'Can delete group',	3,	'delete_group'),
(12,	'Can view group',	3,	'view_group'),
(13,	'Can add content type',	4,	'add_contenttype'),
(14,	'Can change content type',	4,	'change_contenttype'),
(15,	'Can delete content type',	4,	'delete_contenttype'),
(16,	'Can view content type',	4,	'view_contenttype'),
(17,	'Can add session',	5,	'add_session'),
(18,	'Can change session',	5,	'change_session'),
(19,	'Can delete session',	5,	'delete_session'),
(20,	'Can view session',	5,	'view_session'),
(21,	'Can add acao',	6,	'add_acao'),
(22,	'Can change acao',	6,	'change_acao'),
(23,	'Can delete acao',	6,	'delete_acao'),
(24,	'Can view acao',	6,	'view_acao'),
(25,	'Can add carteira',	7,	'add_carteira'),
(26,	'Can change carteira',	7,	'change_carteira'),
(27,	'Can delete carteira',	7,	'delete_carteira'),
(28,	'Can view carteira',	7,	'view_carteira'),
(29,	'Can add carteira_ acao',	8,	'add_carteira_acao'),
(30,	'Can change carteira_ acao',	8,	'change_carteira_acao'),
(31,	'Can delete carteira_ acao',	8,	'delete_carteira_acao'),
(32,	'Can view carteira_ acao',	8,	'view_carteira_acao'),
(33,	'Can add portfolio',	9,	'add_portfolio'),
(34,	'Can change portfolio',	9,	'change_portfolio'),
(35,	'Can delete portfolio',	9,	'delete_portfolio'),
(36,	'Can view portfolio',	9,	'view_portfolio'),
(37,	'Can add usuario',	10,	'add_usuario'),
(38,	'Can change usuario',	10,	'change_usuario'),
(39,	'Can delete usuario',	10,	'delete_usuario'),
(40,	'Can view usuario',	10,	'view_usuario');

DROP TABLE IF EXISTS `django_admin_log`;
CREATE TABLE `django_admin_log` (
  `id` int NOT NULL AUTO_INCREMENT,
  `action_time` datetime(6) NOT NULL,
  `object_id` longtext,
  `object_repr` varchar(200) NOT NULL,
  `action_flag` smallint unsigned NOT NULL,
  `change_message` longtext NOT NULL,
  `content_type_id` int DEFAULT NULL,
  `user_id` int NOT NULL,
  PRIMARY KEY (`id`),
  KEY `django_admin_log_content_type_id_c4bce8eb_fk_django_co` (`content_type_id`),
  KEY `django_admin_log_user_id_c564eba6_fk_Usuario_id` (`user_id`),
  CONSTRAINT `django_admin_log_content_type_id_c4bce8eb_fk_django_co` FOREIGN KEY (`content_type_id`) REFERENCES `django_content_type` (`id`),
  CONSTRAINT `django_admin_log_user_id_c564eba6_fk_Usuario_id` FOREIGN KEY (`user_id`) REFERENCES `Usuario` (`id`),
  CONSTRAINT `django_admin_log_chk_1` CHECK ((`action_flag` >= 0))
) ENGINE=InnoDB DEFAULT CHARSET=utf8mb4 COLLATE=utf8mb4_0900_ai_ci;


DROP TABLE IF EXISTS `django_content_type`;
CREATE TABLE `django_content_type` (
  `id` int NOT NULL AUTO_INCREMENT,
  `app_label` varchar(100) NOT NULL,
  `model` varchar(100) NOT NULL,
  PRIMARY KEY (`id`),
  UNIQUE KEY `django_content_type_app_label_model_76bd3d3b_uniq` (`app_label`,`model`)
) ENGINE=InnoDB DEFAULT CHARSET=utf8mb4 COLLATE=utf8mb4_0900_ai_ci;

INSERT INTO `django_content_type` (`id`, `app_label`, `model`) VALUES
(6,	'acao',	'acao'),
(1,	'admin',	'logentry'),
(3,	'auth',	'group'),
(2,	'auth',	'permission'),
(7,	'carteira',	'carteira'),
(8,	'carteira_acao',	'carteira_acao'),
(4,	'contenttypes',	'contenttype'),
(9,	'portfolio',	'portfolio'),
(5,	'sessions',	'session'),
(10,	'usuario',	'usuario');

DROP TABLE IF EXISTS `django_migrations`;
CREATE TABLE `django_migrations` (
  `id` int NOT NULL AUTO_INCREMENT,
  `app` varchar(255) NOT NULL,
  `name` varchar(255) NOT NULL,
  `applied` datetime(6) NOT NULL,
  PRIMARY KEY (`id`)
) ENGINE=InnoDB DEFAULT CHARSET=utf8mb4 COLLATE=utf8mb4_0900_ai_ci;

INSERT INTO `django_migrations` (`id`, `app`, `name`, `applied`) VALUES
(1,	'acao',	'0001_initial',	'2023-11-07 05:19:18.632817'),
(2,	'contenttypes',	'0001_initial',	'2023-11-07 05:19:18.758599'),
(3,	'contenttypes',	'0002_remove_content_type_name',	'2023-11-07 05:19:18.917050'),
(4,	'auth',	'0001_initial',	'2023-11-07 05:19:19.734635'),
(5,	'auth',	'0002_alter_permission_name_max_length',	'2023-11-07 05:19:19.875994'),
(6,	'auth',	'0003_alter_user_email_max_length',	'2023-11-07 05:19:19.905052'),
(7,	'auth',	'0004_alter_user_username_opts',	'2023-11-07 05:19:19.934280'),
(8,	'auth',	'0005_alter_user_last_login_null',	'2023-11-07 05:19:19.965746'),
(9,	'auth',	'0006_require_contenttypes_0002',	'2023-11-07 05:19:19.978293'),
(10,	'auth',	'0007_alter_validators_add_error_messages',	'2023-11-07 05:19:20.016124'),
(11,	'auth',	'0008_alter_user_username_max_length',	'2023-11-07 05:19:20.049413'),
(12,	'auth',	'0009_alter_user_last_name_max_length',	'2023-11-07 05:19:20.084679'),
(13,	'auth',	'0010_alter_group_name_max_length',	'2023-11-07 05:19:20.147251'),
(14,	'auth',	'0011_update_proxy_permissions',	'2023-11-07 05:19:20.181148'),
(15,	'auth',	'0012_alter_user_first_name_max_length',	'2023-11-07 05:19:20.228038'),
(16,	'usuario',	'0001_initial',	'2023-11-07 05:19:21.035141'),
(17,	'admin',	'0001_initial',	'2023-11-07 05:19:21.439074'),
(18,	'admin',	'0002_logentry_remove_auto_add',	'2023-11-07 05:19:21.482291'),
(19,	'admin',	'0003_logentry_add_action_flag_choices',	'2023-11-07 05:19:21.530136'),
(20,	'portfolio',	'0001_initial',	'2023-11-07 05:19:21.597525'),
(21,	'carteira',	'0001_initial',	'2023-11-07 05:19:21.665145'),
(22,	'carteira',	'0002_initial',	'2023-11-07 05:19:21.809609'),
(23,	'carteira_acao',	'0001_initial',	'2023-11-07 05:19:22.195777'),
(24,	'portfolio',	'0002_initial',	'2023-11-07 05:19:22.367488'),
(25,	'sessions',	'0001_initial',	'2023-11-07 05:19:22.463027'),
(26,	'usuario',	'0002_alter_usuario_data_nascimento',	'2023-11-07 05:24:27.932751'),
(27,	'usuario',	'0003_alter_usuario_data_nascimento',	'2023-11-07 05:26:53.781294'),
(28,	'acao',	'0002_remove_acao_descricao_acao',	'2023-11-09 20:22:31.253629'),
(29,	'acao',	'0003_remove_acao_pais_de_origem',	'2023-11-10 04:13:34.399870'),
(30,	'acao',	'0004_acao_data_acao',	'2023-11-11 12:23:28.145783');

DROP TABLE IF EXISTS `django_session`;
CREATE TABLE `django_session` (
  `session_key` varchar(40) NOT NULL,
  `session_data` longtext NOT NULL,
  `expire_date` datetime(6) NOT NULL,
  PRIMARY KEY (`session_key`),
  KEY `django_session_expire_date_a5c62663` (`expire_date`)
) ENGINE=InnoDB DEFAULT CHARSET=utf8mb4 COLLATE=utf8mb4_0900_ai_ci;

INSERT INTO `django_session` (`session_key`, `session_data`, `expire_date`) VALUES
('0rarct75dxm89mipmopzhodl00prkk2w',	'e30:1rAKU7:8xaFC9T6Sz_KvRV4z450Ix1OYzq6ty6Xj6VVscdsP-4',	'2023-12-19 01:44:27.076526'),
('2rbae8a4f9la145dhzo98o1zwse75fki',	'.eJxVjEEOwiAQRe_C2hBGKAWX7nsGMjCDVA0kpV0Z765NutDtf-_9lwi4rSVsnZcwk7gIEKffLWJ6cN0B3bHemkytrssc5a7Ig3Y5NeLn9XD_Dgr28q3RKBgRwGdtOQMyDE55z96QHrNh0h41s7UOKYHLA6lzJpfQWssxsXh_AORxOKE:1r6zN9:sOga9LUai3F8dQAYHhkkf7CQFNuSLmiOBlwzRjqH96E',	'2023-12-09 20:35:27.341877'),
('65sw76s3339dqm7k2woe3dhhwpvmtgi0',	'e30:1r1X9E:OVkSGyYMl16hdiE_7FmT7lj-60Ci1-Jwkhhs44jpBWs',	'2023-11-24 19:26:32.791256'),
('76fw22uc0382yqxps716o1r3tiq5ltqe',	'.eJxVjMsOwiAQRf-FtSHMUAdw6d5vIMNLqoYmpV0Z_92QdKHbe865b-F536rfe179nMRFgDj9boHjM7cB0oPbfZFxads6BzkUedAub0vKr-vh_h1U7nXUTFYTEjuXCCHipE1hBUxBWYvGOXd2AFNBBEu5RNBUVLYqGjCsUXy-trs2iQ:1r1eMX:hIZfWt9gOMjHke61uMS0ph1gClpoXw6grxZMHEByRG8',	'2023-11-25 03:08:45.270160'),
('ccejq1d2z1plyj9smqyitxxwtp0w6b7x',	'.eJxVjMEOwiAQRP-FsyG7INJ69N5vIMuySNXQpLQn47_bJj3obTLvzbxVoHUpYW0yhzGpq0J1-u0i8VPqDtKD6n3SPNVlHqPeFX3Qpocpyet2uH8HhVrZ1mfpLER_yZ68T4gRco9AzIhiHEK2sKXMPSRnKIGwyVZcBxEEmUl9vt1tODA:1rAdi9:sHmaCk8S1PDmkx_u3cLH7vr61EemjueFJ0M7zq48jeo',	'2023-12-19 22:16:13.803647'),
('dkaobsbetvvhy4jkog20m7x9ugz0u9iw',	'e30:1r1X67:kkuM2PUt1ExRpWaJIwCJUVtzy8u-8jJf7joX3bDF11o',	'2023-11-24 19:23:19.094594'),
('i96w18nrov4l2zbpmkzmh63z3p6ykzjo',	'e30:1rAKYH:ccakKO2ZlxQM7EH7fKsydsb6puU7DSasW_evuue23Yk',	'2023-12-19 01:48:45.529392'),
('txlfvieyhao8ifq5np3lortfnrctue2d',	'.eJxVjMsOwiAQRf-FtSHMUAdw6d5vIMNLqoYmpV0Z_92QdKHbe865b-F536rfe179nMRFgDj9boHjM7cB0oPbfZFxads6BzkUedAub0vKr-vh_h1U7nXUTFYTEjuXCCHipE1hBUxBWYvGOXd2AFNBBEu5RNBUVLYqGjCsUXy-trs2iQ:1r0T2P:X3YyyhHxeH0LTCuk1_vQEX9AXkoinfuddTJDSc1_5TU',	'2023-11-21 20:51:05.185189'),
('udd15ts3bqw56sm8nqmiwy0cyjl5l8vd',	'e30:1rAKVj:V-VWe3yMSY8OaXNg3gYyzdCEkgDMs9pJ-vCMJ4fsyr8',	'2023-12-19 01:46:07.510230'),
('wr7j6zcfz7qon0n6vspz9ge1d9ocjv4v',	'e30:1rAKNx:Y2wPbozcNOgiagawJ1BBN2z_D4kiLlFCCzhv6UUPzEs',	'2023-12-19 01:38:05.459879'),
('zfdlis9go47gtndp6v1uwihbmz6t9vdj',	'.eJxVjEEOwiAQRe_C2hBGKAWX7nsGMjCDVA0kpV0Z765NutDtf-_9lwi4rSVsnZcwk7gIEKffLWJ6cN0B3bHemkytrssc5a7Ig3Y5NeLn9XD_Dgr28q3RKBgRwGdtOQMyDE55z96QHrNh0h41s7UOKYHLA6lzJpfQWssxsXh_AORxOKE:1r71hr:udZmbVkFTK1rzEKdywR1g7VP68N20LMZdDvHsqq2NBU',	'2023-12-09 23:04:59.030285');

-- 2024-06-13 14:26:28
